submission_id,tag,source,confidence
cbca2439-5fa7-4a69-b4d5-57515f2ca8df,excellent,automated,0.9883
cbca2439-5fa7-4a69-b4d5-57515f2ca8df,clean,automated,0.9089
9d1f65ce-3975-41de-ba09-5b4220598737,late_submission,automated,1.0
9d1f65ce-3975-41de-ba09-5b4220598737,excellent,automated,0.9574
9d1f65ce-3975-41de-ba09-5b4220598737,clean,automated,0.8603
40e9d319-b3eb-4cfd-ac10-fdfed8fc6cd2,late_submission,automated,1.0
40e9d319-b3eb-4cfd-ac10-fdfed8fc6cd2,excellent,automated,0.9977
40e9d319-b3eb-4cfd-ac10-fdfed8fc6cd2,clean,automated,0.8796
25cdec6d-db06-49a4-9b54-eeb00d4c831a,late_submission,automated,1.0
25cdec6d-db06-49a4-9b54-eeb00d4c831a,excellent,automated,0.9591
25cdec6d-db06-49a4-9b54-eeb00d4c831a,clean,automated,0.8951
4824baf4-8c28-40a9-af4c-f6204e14235c,late_submission,automated,1.0
4824baf4-8c28-40a9-af4c-f6204e14235c,excellent,automated,0.9542
4824baf4-8c28-40a9-af4c-f6204e14235c,clean,automated,0.8532
d1784036-60ed-46c7-ac5e-c254e0a5b160,late_submission,automated,1.0
d1784036-60ed-46c7-ac5e-c254e0a5b160,excellent,automated,0.9535
d1784036-60ed-46c7-ac5e-c254e0a5b160,clean,automated,0.9138
cc3307c8-b173-48c6-8422-792ac91a7f7a,late_submission,automated,1.0
cc3307c8-b173-48c6-8422-792ac91a7f7a,excellent,automated,0.9804
cc3307c8-b173-48c6-8422-792ac91a7f7a,clean,automated,0.8812
66a69508-156a-4da7-b127-811981543b21,excellent,automated,0.9613
66a69508-156a-4da7-b127-811981543b21,clean,automated,0.8671
91e7b295-685f-45f0-b4a6-7d23fa513c90,excellent,automated,0.9598
91e7b295-685f-45f0-b4a6-7d23fa513c90,clean,automated,0.9614
29838992-7ce8-455e-9542-795e32d0877b,excellent,automated,0.9512
29838992-7ce8-455e-9542-795e32d0877b,clean,automated,0.9026
76797019-13d6-4b87-a7d8-1460fcc1e05d,excellent,automated,0.9671
76797019-13d6-4b87-a7d8-1460fcc1e05d,clean,automated,0.9981
a15047c8-aa98-41e0-9a05-94fb6ae2f337,clean,automated,0.8728
bb66df52-8097-4959-9702-3d166f285663,excellent,automated,0.9646
bb66df52-8097-4959-9702-3d166f285663,clean,automated,0.8618
8e50c64a-1cf3-4f71-ab23-59e3fc8b6156,excellent,automated,0.9991
8e50c64a-1cf3-4f71-ab23-59e3fc8b6156,clean,automated,0.8607
7678dd3d-f10d-4b9a-985b-2ebeb680b320,excellent,automated,0.9814
7678dd3d-f10d-4b9a-985b-2ebeb680b320,clean,automated,0.9942
c58b0004-5f02-410e-88af-9e203d10896f,excellent,automated,0.9676
c58b0004-5f02-410e-88af-9e203d10896f,clean,automated,0.8706
06a15da9-4b84-45e8-ad96-ef740ddea3ac,excellent,automated,0.9604
06a15da9-4b84-45e8-ad96-ef740ddea3ac,clean,automated,0.9856
19a5423b-ccc6-4b22-9cbb-13de97318417,excellent,automated,0.9809
19a5423b-ccc6-4b22-9cbb-13de97318417,clean,automated,0.9973
5d9683c2-abd0-4a7b-a120-b56b30610c90,excellent,automated,0.9708
5d9683c2-abd0-4a7b-a120-b56b30610c90,clean,automated,0.9565
21e6de6f-a4a7-4cde-975c-62aabd37137e,excellent,automated,0.9927
21e6de6f-a4a7-4cde-975c-62aabd37137e,clean,automated,0.9877
643e1309-6467-4402-b70f-0d97345cf1e0,excellent,automated,0.98
643e1309-6467-4402-b70f-0d97345cf1e0,clean,automated,0.873
d910d216-9dfc-4eda-aa19-e55c8d68f0d3,excellent,automated,0.9646
d910d216-9dfc-4eda-aa19-e55c8d68f0d3,clean,automated,0.9857
7ea8cdbf-b4d2-423f-b092-5216965b8d1e,excellent,automated,0.9776
7ea8cdbf-b4d2-423f-b092-5216965b8d1e,clean,automated,0.9519
8d07ab33-b09c-49ac-b48d-590e3c985c59,late_submission,automated,1.0
8d07ab33-b09c-49ac-b48d-590e3c985c59,excellent,automated,0.9735
8d07ab33-b09c-49ac-b48d-590e3c985c59,clean,automated,0.9276
3e7ba2b5-a0aa-4b1c-b31b-8f56d029b5a4,late_submission,automated,1.0
3e7ba2b5-a0aa-4b1c-b31b-8f56d029b5a4,clean,automated,0.8765
df306b3c-e61b-4151-b721-9353302e14da,excellent,automated,0.9674
df306b3c-e61b-4151-b721-9353302e14da,clean,automated,0.9092
7b9cb737-9590-4485-949d-846057006721,late_submission,automated,1.0
7b9cb737-9590-4485-949d-846057006721,excellent,automated,0.9905
7b9cb737-9590-4485-949d-846057006721,clean,automated,0.9889
a02d1557-b53a-4ab2-9ff7-1dc4d2657e94,excellent,automated,0.9531
a02d1557-b53a-4ab2-9ff7-1dc4d2657e94,clean,automated,0.9282
bc480cd1-f93f-4615-bd79-3b9c3e67645b,late_submission,automated,1.0
bc480cd1-f93f-4615-bd79-3b9c3e67645b,clean,automated,0.854
1c7b6278-5c76-4059-a4e7-12095dfa262e,excellent,automated,0.9933
1c7b6278-5c76-4059-a4e7-12095dfa262e,clean,automated,0.9548
8e68aa12-e0bf-4bad-b7f0-9b706749b632,excellent,automated,0.95
8e68aa12-e0bf-4bad-b7f0-9b706749b632,clean,automated,0.9694
2fbca0a0-6d51-4169-87c0-df35ecdbbdc7,clean,automated,0.9088
58acb481-0693-4660-b801-5c8557edc1e6,excellent,automated,0.9836
58acb481-0693-4660-b801-5c8557edc1e6,clean,automated,0.9152
2aad084e-b7b6-4449-bce4-95c1a5af1f65,excellent,automated,0.9848
2aad084e-b7b6-4449-bce4-95c1a5af1f65,clean,automated,0.8667
ae425b2f-d191-4e87-a91b-b243af0302dd,excellent,automated,0.9766
ae425b2f-d191-4e87-a91b-b243af0302dd,clean,automated,0.8533
893ec6e2-e354-4245-8fdb-b22b51b86d6b,excellent,automated,0.9834
893ec6e2-e354-4245-8fdb-b22b51b86d6b,clean,automated,0.9091
96f4ac59-e247-4559-a1f2-219f5b150fc4,excellent,automated,0.9831
96f4ac59-e247-4559-a1f2-219f5b150fc4,clean,automated,0.8882
6aba7a93-2ef8-4e90-9140-a3c0b4a27b4e,excellent,automated,0.9793
6aba7a93-2ef8-4e90-9140-a3c0b4a27b4e,clean,automated,0.9212
dcfbe403-6f83-4411-9905-9b2a2218ff59,excellent,automated,0.9805
dcfbe403-6f83-4411-9905-9b2a2218ff59,clean,automated,0.9969
c85c768f-fad5-45f7-b5f4-08c9a7d100ad,excellent,automated,0.953
c85c768f-fad5-45f7-b5f4-08c9a7d100ad,clean,automated,0.8579
75e5e2ff-a3c0-4242-8689-d38b6be117e3,excellent,automated,0.976
75e5e2ff-a3c0-4242-8689-d38b6be117e3,clean,automated,0.8559
cfcd883a-36e8-4603-a906-ac3ec3b1d19d,excellent,automated,0.9817
cfcd883a-36e8-4603-a906-ac3ec3b1d19d,clean,automated,0.918
898f39ee-d234-4130-97ca-77e7043c7743,excellent,automated,0.9666
898f39ee-d234-4130-97ca-77e7043c7743,clean,automated,0.8777
40b11452-fc61-4a55-983c-ba4f62a3520c,excellent,automated,0.9899
40b11452-fc61-4a55-983c-ba4f62a3520c,clean,automated,0.9562
bf1b6521-5725-40ba-b9b3-4268a941300e,clean,automated,0.9559
169daad0-f4da-43b1-8318-ff150481c152,clean,automated,0.9971
31d0cf19-a5da-4a52-a334-debb34bf6d3c,excellent,automated,0.9566
31d0cf19-a5da-4a52-a334-debb34bf6d3c,clean,automated,0.9574
e7bf497d-df7b-47be-be16-24d7f6c49ff3,excellent,automated,0.9519
e7bf497d-df7b-47be-be16-24d7f6c49ff3,clean,automated,0.9127
acbda8c2-e111-4863-b835-4b5a6d475e11,excellent,automated,0.9545
acbda8c2-e111-4863-b835-4b5a6d475e11,clean,automated,0.8752
34ea3902-b241-4603-8337-75b1261ddb78,excellent,automated,0.9891
34ea3902-b241-4603-8337-75b1261ddb78,clean,automated,0.9074
4bff8896-8fa1-4980-b460-348dbbe25674,excellent,automated,0.9978
4bff8896-8fa1-4980-b460-348dbbe25674,clean,automated,0.9012
263473d7-ae78-46f6-88a3-381f6d253be4,excellent,automated,0.9973
263473d7-ae78-46f6-88a3-381f6d253be4,clean,automated,0.9045
4b9c73c6-d582-457d-8b4a-657986357563,excellent,automated,0.9756
4b9c73c6-d582-457d-8b4a-657986357563,clean,automated,0.8695
728924b6-9e55-4866-9a3f-12591bfb2f29,excellent,automated,0.9709
728924b6-9e55-4866-9a3f-12591bfb2f29,clean,automated,0.9751
ef28db00-84fd-4a4d-aa84-8d98d2e8dd54,excellent,automated,0.998
ef28db00-84fd-4a4d-aa84-8d98d2e8dd54,clean,automated,0.8585
e51dfb85-6fb4-4e48-9b2e-43343437c91c,late_submission,automated,1.0
e51dfb85-6fb4-4e48-9b2e-43343437c91c,excellent,automated,0.9822
e51dfb85-6fb4-4e48-9b2e-43343437c91c,clean,automated,0.8687
516f7194-bae3-4144-9fd9-c509f4288704,late_submission,automated,1.0
516f7194-bae3-4144-9fd9-c509f4288704,excellent,automated,0.9551
516f7194-bae3-4144-9fd9-c509f4288704,clean,automated,0.9407
72fd4b56-2c1a-4fd4-a27f-ae3e9747387b,late_submission,automated,1.0
72fd4b56-2c1a-4fd4-a27f-ae3e9747387b,excellent,automated,0.9643
72fd4b56-2c1a-4fd4-a27f-ae3e9747387b,clean,automated,0.9763
0c29e2ec-8531-4521-a190-90cd255bc42e,late_submission,automated,1.0
0c29e2ec-8531-4521-a190-90cd255bc42e,excellent,automated,0.9678
0c29e2ec-8531-4521-a190-90cd255bc42e,clean,automated,0.865
539ac9da-bd2d-4e85-8d3d-e83f2bc7dffd,late_submission,automated,1.0
539ac9da-bd2d-4e85-8d3d-e83f2bc7dffd,excellent,automated,0.9546
539ac9da-bd2d-4e85-8d3d-e83f2bc7dffd,clean,automated,0.9288
98333a20-65d8-4d0a-b4d2-f9a897c6a53a,excellent,automated,0.9957
98333a20-65d8-4d0a-b4d2-f9a897c6a53a,clean,automated,0.8945
17c383d0-073c-4692-a235-8503c0783c3a,late_submission,automated,1.0
17c383d0-073c-4692-a235-8503c0783c3a,excellent,automated,0.9966
17c383d0-073c-4692-a235-8503c0783c3a,clean,automated,0.8905
2edbdae8-437d-41dc-bae1-29fec51315df,clean,automated,0.8997
bfb6df99-06e9-4cc3-9f6e-22630bbf634e,excellent,automated,0.9862
bfb6df99-06e9-4cc3-9f6e-22630bbf634e,clean,automated,0.8883
d63da466-ca28-47b6-95a0-7b73ff6caee3,excellent,automated,0.9667
d63da466-ca28-47b6-95a0-7b73ff6caee3,clean,automated,0.858
0dc8f111-f62e-4cef-b6b7-3eb48dcdd9f8,clean,automated,0.8721
b9b36c1c-b335-4e0f-81b0-2bb01e90e46a,excellent,automated,0.9655
b9b36c1c-b335-4e0f-81b0-2bb01e90e46a,clean,automated,0.9347
952e2f5b-03a3-4a8f-8f8b-448208a2b065,excellent,automated,0.9573
952e2f5b-03a3-4a8f-8f8b-448208a2b065,clean,automated,0.9609
12372961-49d0-429a-879e-0cf32a894be7,clean,automated,0.9441
6a2e10ff-82a8-4f07-b49e-78d0b75fb60d,excellent,automated,0.961
6a2e10ff-82a8-4f07-b49e-78d0b75fb60d,clean,automated,0.9908
f26f1e5b-4484-414b-839c-5e23553b5c8f,clean,automated,0.9615
6f43c8a6-7f74-4bdd-9414-dbbabc8ba81a,excellent,automated,0.997
6f43c8a6-7f74-4bdd-9414-dbbabc8ba81a,clean,automated,0.9735
fa89805b-8e1a-478d-b972-662936abd7ba,excellent,automated,0.9724
fa89805b-8e1a-478d-b972-662936abd7ba,clean,automated,0.8631
9d6909c2-86a2-4c0a-8e88-ffbb2b3f1665,excellent,automated,0.9828
9d6909c2-86a2-4c0a-8e88-ffbb2b3f1665,clean,automated,0.8816
0e24d441-0dbb-4766-9b37-4ccf8acddfba,excellent,automated,0.9892
0e24d441-0dbb-4766-9b37-4ccf8acddfba,clean,automated,0.8712
acb4516c-7a60-470a-914d-786f3bc0f129,excellent,automated,0.9663
acb4516c-7a60-470a-914d-786f3bc0f129,clean,automated,0.9166
39f850cc-a0fa-4dfe-a86a-7c9c53ea2282,excellent,automated,0.9931
39f850cc-a0fa-4dfe-a86a-7c9c53ea2282,clean,automated,0.906
e733e30f-f75e-4943-a186-88d92b32b5bf,excellent,automated,0.9542
e733e30f-f75e-4943-a186-88d92b32b5bf,clean,automated,0.8935
afcd2f90-be15-4dac-8fc0-03e8038d4280,excellent,automated,0.9633
afcd2f90-be15-4dac-8fc0-03e8038d4280,clean,automated,0.8651
ea354b19-f730-46f0-8943-49300b91a6b4,excellent,automated,0.9514
ea354b19-f730-46f0-8943-49300b91a6b4,clean,automated,0.9947
e7f14560-65e5-4b99-830d-0a53c98733c4,excellent,automated,0.9534
e7f14560-65e5-4b99-830d-0a53c98733c4,clean,automated,0.9409
d1562177-fa75-476b-b8ea-87021608109a,excellent,automated,0.9574
d1562177-fa75-476b-b8ea-87021608109a,clean,automated,0.9664
2f0958b7-446f-43d3-9243-4d39ba3cdc02,excellent,automated,0.9508
2f0958b7-446f-43d3-9243-4d39ba3cdc02,clean,automated,0.9358
683d625b-c686-4e97-b039-47218e3ef7fc,excellent,automated,0.985
683d625b-c686-4e97-b039-47218e3ef7fc,clean,automated,0.8744
70209092-bbff-4256-bbf0-b8cc82e61052,excellent,automated,0.9694
70209092-bbff-4256-bbf0-b8cc82e61052,clean,automated,0.8911
026f0334-f32c-468c-9f1a-d0dcbfb53ffe,excellent,automated,0.9917
026f0334-f32c-468c-9f1a-d0dcbfb53ffe,clean,automated,0.9036
8039edf9-f8f8-4853-95bc-86a088bb913f,excellent,automated,0.9863
8039edf9-f8f8-4853-95bc-86a088bb913f,clean,automated,0.9192
f16fec61-bfe8-43bb-851a-406c821c25e2,excellent,automated,0.9677
f16fec61-bfe8-43bb-851a-406c821c25e2,clean,automated,0.887
aed3456b-4659-4701-9774-ba94cd7121f3,excellent,automated,0.9676
aed3456b-4659-4701-9774-ba94cd7121f3,clean,automated,0.8616
9ebebfaa-3f6b-4466-b04f-eb5cb23f2de4,excellent,automated,0.9868
9ebebfaa-3f6b-4466-b04f-eb5cb23f2de4,clean,automated,0.8761
c41d6d83-ef5f-4589-b5ef-bf543321008b,excellent,automated,0.9504
c41d6d83-ef5f-4589-b5ef-bf543321008b,clean,automated,0.9541
a4f6657b-dbcc-4a02-bc12-98c0b496c047,excellent,automated,0.9808
a4f6657b-dbcc-4a02-bc12-98c0b496c047,clean,automated,0.8598
b4e141d1-e3f9-461e-b670-ede5d36e7924,excellent,automated,0.9741
b4e141d1-e3f9-461e-b670-ede5d36e7924,clean,automated,0.9714
ebf28fbd-d20b-4c9a-b819-b4cf7f3ed0e6,excellent,automated,0.9847
ebf28fbd-d20b-4c9a-b819-b4cf7f3ed0e6,clean,automated,0.875
54613a06-2a95-4206-be66-f2d384a3c071,clean,automated,0.8925
2a34da54-98d9-45bb-aa31-d2786b2e54a8,excellent,automated,0.9813
2a34da54-98d9-45bb-aa31-d2786b2e54a8,clean,automated,0.9355
b3a60505-46c7-4641-be67-8ffae202b0d0,excellent,automated,0.9684
b3a60505-46c7-4641-be67-8ffae202b0d0,clean,automated,0.8752
466e2233-b843-4bf6-8b20-3727d3e86bdc,excellent,automated,0.9686
466e2233-b843-4bf6-8b20-3727d3e86bdc,clean,automated,0.9455
40509b0a-5892-4147-b536-61de81bdb628,late_submission,automated,1.0
40509b0a-5892-4147-b536-61de81bdb628,clean,automated,0.8856
e6c25773-3f19-4f82-a688-f8701b60e0b9,clean,automated,0.9132
b9db2ad9-87e2-47ce-a21f-38c7f7485a9e,late_submission,automated,1.0
b9db2ad9-87e2-47ce-a21f-38c7f7485a9e,excellent,automated,0.9971
b9db2ad9-87e2-47ce-a21f-38c7f7485a9e,clean,automated,0.9423
1b810f8e-7005-4d6e-9663-957a0ac5d4de,late_submission,automated,1.0
1b810f8e-7005-4d6e-9663-957a0ac5d4de,excellent,automated,0.9996
1b810f8e-7005-4d6e-9663-957a0ac5d4de,clean,automated,0.9154
da0d05bb-f968-422f-9f0b-a345cb20ffe4,excellent,automated,0.9688
da0d05bb-f968-422f-9f0b-a345cb20ffe4,clean,automated,0.8579
b9e17218-da0f-4c42-9bc4-e4837f1b0f68,excellent,automated,0.9644
b9e17218-da0f-4c42-9bc4-e4837f1b0f68,clean,automated,0.8572
3cdebdd6-ae49-41c2-a28b-f8665b643933,excellent,automated,0.9858
3cdebdd6-ae49-41c2-a28b-f8665b643933,clean,automated,0.9175
7aa45832-228f-4ba6-a149-ee8c836824f6,excellent,automated,0.9545
7aa45832-228f-4ba6-a149-ee8c836824f6,clean,automated,0.8616
b07e9d67-1c6c-4334-bf63-1e0edda449fc,excellent,automated,0.9656
b07e9d67-1c6c-4334-bf63-1e0edda449fc,clean,automated,0.8768
a57c5238-5190-4214-b711-bd4d38cc1634,excellent,automated,0.9587
a57c5238-5190-4214-b711-bd4d38cc1634,clean,automated,0.9473
d877ee46-fa23-41ef-a98b-638e038a6e3c,clean,automated,0.9344
8bf605ff-f54b-4ee8-b28f-8116ea3e779b,excellent,automated,0.9777
8bf605ff-f54b-4ee8-b28f-8116ea3e779b,clean,automated,0.9102
6798f68f-a181-4554-87f6-a769ebf063a7,excellent,automated,0.9731
6798f68f-a181-4554-87f6-a769ebf063a7,clean,automated,0.8928
35ce84e0-98ad-40d0-af50-4062d16ba59c,excellent,automated,0.9535
35ce84e0-98ad-40d0-af50-4062d16ba59c,clean,automated,0.892
1cd8eead-b405-4d70-a7c8-1cdc4f790b10,excellent,automated,0.9975
1cd8eead-b405-4d70-a7c8-1cdc4f790b10,clean,automated,0.9969
1754419a-74f6-4113-8fdb-4b8501248032,excellent,automated,0.9542
1754419a-74f6-4113-8fdb-4b8501248032,clean,automated,0.8533
6f0bac1c-d25a-4941-8512-6e70b6f119aa,excellent,automated,0.9606
6f0bac1c-d25a-4941-8512-6e70b6f119aa,clean,automated,0.9762
965915c2-f75d-4065-83cd-9dad677f0666,excellent,automated,0.9669
965915c2-f75d-4065-83cd-9dad677f0666,clean,automated,0.9085
223f8b1e-f241-477d-95a9-d81aaa08eee9,excellent,automated,0.9869
223f8b1e-f241-477d-95a9-d81aaa08eee9,clean,automated,0.9692
fe4a8a1f-769a-4f62-9201-9a2308592d80,excellent,automated,0.9811
fe4a8a1f-769a-4f62-9201-9a2308592d80,clean,automated,0.9054
096b4867-6933-4da2-8980-36c8c0127723,excellent,automated,0.9858
096b4867-6933-4da2-8980-36c8c0127723,clean,automated,0.9351
b37e4a2e-8e4d-4d41-a030-1c6cec3e7be8,excellent,automated,0.952
b37e4a2e-8e4d-4d41-a030-1c6cec3e7be8,clean,automated,0.8866
ee2a7fa9-f0d7-49ba-9b52-34cdf08b1239,excellent,automated,0.9793
ee2a7fa9-f0d7-49ba-9b52-34cdf08b1239,clean,automated,0.8824
0c5ff687-988b-4d63-b38e-0e9507132a42,excellent,automated,0.997
0c5ff687-988b-4d63-b38e-0e9507132a42,clean,automated,0.8573
d0af78b4-52bb-41d0-a6f2-a24c03bd831d,excellent,automated,0.9817
d0af78b4-52bb-41d0-a6f2-a24c03bd831d,clean,automated,0.8726
fc88cb49-88db-4925-a6d1-a14efa04ea32,clean,automated,0.9841
b806f37d-9455-4cbe-9a8c-78e17fb94946,late_submission,automated,1.0
b806f37d-9455-4cbe-9a8c-78e17fb94946,clean,automated,0.9094
d7c66452-34eb-4467-a883-1db34f369e7a,excellent,automated,0.9507
d7c66452-34eb-4467-a883-1db34f369e7a,clean,automated,0.9863
d16ac620-d7dc-496f-be30-bcfa4ee585a6,excellent,automated,0.9721
d16ac620-d7dc-496f-be30-bcfa4ee585a6,clean,automated,0.8836
ad843ad8-e2e1-4ca3-b082-8ec86139a1b0,clean,automated,0.8709
f8820714-4459-4a77-8a19-f558a061c2d0,excellent,automated,0.9788
f8820714-4459-4a77-8a19-f558a061c2d0,clean,automated,0.9226
767ff149-0846-4c31-a804-679209c3e6ba,excellent,automated,0.9743
767ff149-0846-4c31-a804-679209c3e6ba,clean,automated,0.8958
e5684b8e-0f2b-475c-b1a8-72f05e6d1fee,excellent,automated,0.9889
e5684b8e-0f2b-475c-b1a8-72f05e6d1fee,clean,automated,0.9064
3c113caf-3afb-4c2c-996f-fa53010ae4bd,excellent,automated,0.9821
3c113caf-3afb-4c2c-996f-fa53010ae4bd,clean,automated,0.9894
dd5e72ed-0c86-4a6f-a614-a1c5f9fa5acd,excellent,automated,0.9521
dd5e72ed-0c86-4a6f-a614-a1c5f9fa5acd,clean,automated,0.8805
0005ce9a-e269-4801-afd6-48d99a1e7d8c,clean,automated,0.9559
46a266e2-f565-42a1-9641-cc517dc02f89,excellent,automated,0.9918
46a266e2-f565-42a1-9641-cc517dc02f89,clean,automated,0.9323
4a5a5b83-4ea6-4f60-8613-87558acaa92c,clean,automated,0.9253
d32aaefe-437d-481f-99fa-bf5b2b654847,clean,automated,0.884
77355ba6-cd95-4f43-9cf0-2673fee32c8c,excellent,automated,0.967
77355ba6-cd95-4f43-9cf0-2673fee32c8c,clean,automated,0.8536
506b0e87-77ff-48d7-ac14-dbf84354cb8f,excellent,automated,0.9727
506b0e87-77ff-48d7-ac14-dbf84354cb8f,clean,automated,0.977
ec9a5b17-69d2-4e34-b363-492da55c1105,excellent,automated,0.9542
ec9a5b17-69d2-4e34-b363-492da55c1105,clean,automated,0.9183
8b666254-9804-45c5-a75f-c97eda87edaa,excellent,automated,0.9643
8b666254-9804-45c5-a75f-c97eda87edaa,clean,automated,0.8607
ccc2814a-2045-4dbd-93c0-b3c09e92d8b5,excellent,automated,0.9902
ccc2814a-2045-4dbd-93c0-b3c09e92d8b5,clean,automated,0.8916
42ef9462-af35-4334-857c-bfd9b2b81858,excellent,automated,0.986
42ef9462-af35-4334-857c-bfd9b2b81858,clean,automated,0.9994
0da09e95-1b93-4b37-9aa5-5232198eaa9f,excellent,automated,0.9648
0da09e95-1b93-4b37-9aa5-5232198eaa9f,clean,automated,0.8808
038f58a7-ceca-48af-a78c-16fa015374cc,excellent,automated,0.9962
038f58a7-ceca-48af-a78c-16fa015374cc,clean,automated,0.9368
cb4d8bec-4b30-437d-8b48-822e54ec54ef,excellent,automated,0.9708
cb4d8bec-4b30-437d-8b48-822e54ec54ef,clean,automated,0.8854
3adbc850-e5d8-497f-a1b7-41da07e99842,excellent,automated,0.9886
3adbc850-e5d8-497f-a1b7-41da07e99842,clean,automated,0.974
8a72933f-a4b4-4ac5-9a60-da2e595dc8ba,excellent,automated,0.9517
8a72933f-a4b4-4ac5-9a60-da2e595dc8ba,clean,automated,0.895
29b0bdd7-6343-4853-8019-fa4f6636aeb9,excellent,automated,0.9599
29b0bdd7-6343-4853-8019-fa4f6636aeb9,clean,automated,0.9909
89d9fdfb-c2d8-4f11-bbdf-87534a62241c,excellent,automated,0.9818
89d9fdfb-c2d8-4f11-bbdf-87534a62241c,clean,automated,0.9925
daf61fad-fbe3-439a-b4e4-d769be67305b,excellent,automated,0.953
daf61fad-fbe3-439a-b4e4-d769be67305b,clean,automated,0.9315
917af1ef-7476-4559-bf17-e1df1a9ba2ac,excellent,automated,0.9914
917af1ef-7476-4559-bf17-e1df1a9ba2ac,clean,automated,0.9845
15c8bf85-f907-401e-b981-8aa021d5b798,excellent,automated,0.9916
15c8bf85-f907-401e-b981-8aa021d5b798,clean,automated,0.8679
24d9ae82-cea9-4d12-b80b-a40ca8850bd1,excellent,automated,0.9681
24d9ae82-cea9-4d12-b80b-a40ca8850bd1,clean,automated,0.998
c1ecdab4-2b05-4ad2-808b-829d075e92ed,excellent,automated,0.9549
c1ecdab4-2b05-4ad2-808b-829d075e92ed,clean,automated,0.9209
19383a55-c9b0-469c-9370-274589403832,excellent,automated,0.9894
19383a55-c9b0-469c-9370-274589403832,clean,automated,0.9446
d9ea1ce7-c06c-42a8-b3af-ce1fa8645c3b,excellent,automated,0.9698
d9ea1ce7-c06c-42a8-b3af-ce1fa8645c3b,clean,automated,0.9843
5e3c7362-c393-41aa-b7d0-600e4050a23a,excellent,automated,0.951
5e3c7362-c393-41aa-b7d0-600e4050a23a,clean,automated,0.9517
acdd00ac-39ca-4e66-9795-ade52e9a7ded,excellent,automated,0.9552
acdd00ac-39ca-4e66-9795-ade52e9a7ded,clean,automated,0.9512
a2609998-cfaa-4458-aa71-81c291ec3539,excellent,automated,0.9717
a2609998-cfaa-4458-aa71-81c291ec3539,clean,automated,0.8556
4a8edd58-22d4-483a-ac7f-2ed004ac7c55,excellent,automated,0.9991
4a8edd58-22d4-483a-ac7f-2ed004ac7c55,clean,automated,0.8914
14ee1fbb-acf9-4874-9bb6-8c110ea8438d,excellent,automated,0.9877
14ee1fbb-acf9-4874-9bb6-8c110ea8438d,clean,automated,0.9293
38f53e8a-1d22-46ee-af5a-c048c2489b26,excellent,automated,0.9934
38f53e8a-1d22-46ee-af5a-c048c2489b26,clean,automated,0.9407
98ea3aa9-65e9-4f92-b524-41620a05d701,excellent,automated,0.959
98ea3aa9-65e9-4f92-b524-41620a05d701,clean,automated,0.9247
1800ca31-3c84-4e2e-88fb-aaf33dd9ea81,clean,automated,0.8971
706ad40a-ed12-483f-97f3-4ba278fcc29d,excellent,automated,0.9832
706ad40a-ed12-483f-97f3-4ba278fcc29d,clean,automated,0.8778
cf2070f9-4fd9-4ca4-99f9-375cac2ce207,excellent,automated,0.9856
cf2070f9-4fd9-4ca4-99f9-375cac2ce207,clean,automated,0.8736
2bbacea7-202f-455f-8c86-41c41e415a3a,excellent,automated,0.9838
2bbacea7-202f-455f-8c86-41c41e415a3a,clean,automated,0.9211
b1d9093b-0dc9-4fe2-9fee-31fd85fcb2a0,late_submission,automated,1.0
b1d9093b-0dc9-4fe2-9fee-31fd85fcb2a0,excellent,automated,0.9617
b1d9093b-0dc9-4fe2-9fee-31fd85fcb2a0,clean,automated,0.9376
ad2d9bea-5af2-47f2-b037-a40b2d24375d,late_submission,automated,1.0
ad2d9bea-5af2-47f2-b037-a40b2d24375d,excellent,automated,0.987
ad2d9bea-5af2-47f2-b037-a40b2d24375d,clean,automated,0.8969
2d7baee4-3511-4230-b4fc-b9a467969b15,excellent,automated,0.9509
2d7baee4-3511-4230-b4fc-b9a467969b15,clean,automated,0.9076
e8bd63a8-99ac-41ce-a78b-9c7d6f02aff9,late_submission,automated,1.0
e8bd63a8-99ac-41ce-a78b-9c7d6f02aff9,excellent,automated,0.9678
e8bd63a8-99ac-41ce-a78b-9c7d6f02aff9,clean,automated,0.9589
95ae0cbd-a592-4706-8751-354e75fea9c1,excellent,automated,0.9812
95ae0cbd-a592-4706-8751-354e75fea9c1,clean,automated,0.9789
05b45770-3e4a-43dc-a5de-2b5235324d41,excellent,automated,0.9621
05b45770-3e4a-43dc-a5de-2b5235324d41,clean,automated,0.934
8d3e915c-83d1-4529-803f-6aea5c64f97b,late_submission,automated,1.0
8d3e915c-83d1-4529-803f-6aea5c64f97b,excellent,automated,0.9781
8d3e915c-83d1-4529-803f-6aea5c64f97b,clean,automated,0.9302
4d67a7b3-8cc8-443d-ba5e-1a45a3e67bd9,excellent,automated,0.951
4d67a7b3-8cc8-443d-ba5e-1a45a3e67bd9,clean,automated,0.9965
d99ca350-1e77-4c4b-bd41-765005b62932,excellent,automated,0.9928
d99ca350-1e77-4c4b-bd41-765005b62932,clean,automated,0.9921
e9d733eb-50f8-4678-9207-0b691dce399b,excellent,automated,0.9864
e9d733eb-50f8-4678-9207-0b691dce399b,clean,automated,0.8925
6bc6a5bd-5a40-4c56-932e-1fdb8cd1cf2c,clean,automated,0.9001
b0e5bb4f-0062-45f2-bc24-df0b210922de,excellent,automated,0.9621
b0e5bb4f-0062-45f2-bc24-df0b210922de,clean,automated,0.9984
09c4245b-001f-4033-a7f3-331471512964,excellent,automated,0.9842
09c4245b-001f-4033-a7f3-331471512964,clean,automated,0.8686
de9a5169-b9d2-4451-9e1d-2fe965751fe9,clean,automated,0.9918
8269bfbf-b153-4b3c-877e-0e9150cdaa65,excellent,automated,0.9796
8269bfbf-b153-4b3c-877e-0e9150cdaa65,clean,automated,0.852
5437f540-1603-47e6-84b0-771e25bd0aff,excellent,automated,0.9784
5437f540-1603-47e6-84b0-771e25bd0aff,clean,automated,0.8512
38503401-e287-42c8-9aec-9735b6c0c58f,excellent,automated,0.9532
38503401-e287-42c8-9aec-9735b6c0c58f,clean,automated,0.9027
4f0c4be3-7745-4384-bd2b-96972b91df54,excellent,automated,0.9569
4f0c4be3-7745-4384-bd2b-96972b91df54,clean,automated,0.9514
a80fd4f7-cf57-4069-8237-695f0c9868dc,excellent,automated,0.9965
a80fd4f7-cf57-4069-8237-695f0c9868dc,clean,automated,0.9057
cb75e546-128b-4ddc-bc66-ee9b8c575000,excellent,automated,0.9704
cb75e546-128b-4ddc-bc66-ee9b8c575000,clean,automated,0.9264
97307691-453d-488f-9f54-92dd1de353ed,excellent,automated,0.9852
97307691-453d-488f-9f54-92dd1de353ed,clean,automated,0.9164
155bc3f5-f3bd-4958-829d-e30939fe0bc5,excellent,automated,0.9876
155bc3f5-f3bd-4958-829d-e30939fe0bc5,clean,automated,0.9702
dd84a417-ce96-4adf-8682-eed8452ed248,excellent,automated,0.9858
dd84a417-ce96-4adf-8682-eed8452ed248,clean,automated,0.9875
fcc388ca-4712-4c88-b57b-556c47190f03,excellent,automated,0.9557
fcc388ca-4712-4c88-b57b-556c47190f03,clean,automated,0.9413
fdc29344-1046-43d9-af38-7ce13f155ca2,excellent,automated,0.9797
fdc29344-1046-43d9-af38-7ce13f155ca2,clean,automated,0.8912
6083f77c-5c88-439f-8d61-e173d5024af6,excellent,automated,0.9851
6083f77c-5c88-439f-8d61-e173d5024af6,clean,automated,0.9462
97644541-92ac-4348-b427-669febf4705d,excellent,automated,0.9561
97644541-92ac-4348-b427-669febf4705d,clean,automated,0.8647
bbe193a0-afd5-4a54-9f06-fc96c4bb6f4a,excellent,automated,0.9833
bbe193a0-afd5-4a54-9f06-fc96c4bb6f4a,clean,automated,0.9458
177a479e-2edc-458e-8acc-bfe60a797b15,excellent,automated,0.9682
177a479e-2edc-458e-8acc-bfe60a797b15,clean,automated,0.8671
32a46dda-656a-4593-9607-be78551a8e3d,excellent,automated,0.9894
32a46dda-656a-4593-9607-be78551a8e3d,clean,automated,0.9785
9d8bc4a2-1bed-4aa2-b55f-a42b5ce41cb8,clean,automated,0.9407
c1a06bc8-7f06-450f-8f3e-035379b99c3f,excellent,automated,0.9684
c1a06bc8-7f06-450f-8f3e-035379b99c3f,clean,automated,0.875
e4eb15c4-4dda-4207-89d2-3adf7dc735b8,excellent,automated,0.9662
e4eb15c4-4dda-4207-89d2-3adf7dc735b8,clean,automated,0.9161
a5845698-dd7c-4804-af18-d0b560fc728e,excellent,automated,0.9591
a5845698-dd7c-4804-af18-d0b560fc728e,clean,automated,0.9091
1f54c00b-7392-4c57-8cb7-8d1827ef97b1,excellent,automated,0.9603
1f54c00b-7392-4c57-8cb7-8d1827ef97b1,clean,automated,0.8716
49796772-e3cb-4aaf-93ee-c99ef3fee34f,excellent,automated,0.9874
49796772-e3cb-4aaf-93ee-c99ef3fee34f,clean,automated,0.9431
6c558c55-044c-4862-bd56-beacf8b5e333,excellent,automated,0.9967
6c558c55-044c-4862-bd56-beacf8b5e333,clean,automated,0.9188
778b5964-e617-4177-97bd-29d0174ce8ef,excellent,automated,0.9875
778b5964-e617-4177-97bd-29d0174ce8ef,clean,automated,0.8542
3f416aa9-9b76-4eba-a700-eb05ebec52fd,excellent,automated,0.9944
3f416aa9-9b76-4eba-a700-eb05ebec52fd,clean,automated,0.9966
efc9f198-6ef0-4401-8488-7bde1c0a6492,excellent,automated,0.9983
efc9f198-6ef0-4401-8488-7bde1c0a6492,clean,automated,0.9195
34272354-6fc1-4de6-af6d-7a018570c361,excellent,automated,0.9647
34272354-6fc1-4de6-af6d-7a018570c361,clean,automated,0.9422
7a6fd809-c89a-4047-8a62-35b97e12c8b4,excellent,automated,0.9578
7a6fd809-c89a-4047-8a62-35b97e12c8b4,clean,automated,0.9937
d2712683-bc67-48f3-af75-bff806ced8c1,excellent,automated,0.9756
d2712683-bc67-48f3-af75-bff806ced8c1,clean,automated,0.9003
5b395c09-5190-43a5-8eeb-bfae1259de81,excellent,automated,0.9609
5b395c09-5190-43a5-8eeb-bfae1259de81,clean,automated,0.947
1b7db194-0cec-4988-be48-5e07c325202f,excellent,automated,0.9769
1b7db194-0cec-4988-be48-5e07c325202f,clean,automated,0.8575
de7a02e8-29b2-46d1-9b9f-c42f5e76b35a,excellent,automated,0.9598
de7a02e8-29b2-46d1-9b9f-c42f5e76b35a,clean,automated,0.9663
e32cf507-9afc-4df2-b16b-c98c2276afc3,excellent,automated,0.9533
e32cf507-9afc-4df2-b16b-c98c2276afc3,clean,automated,0.9688
7a617025-dcbd-4191-8f86-70e40e33defd,excellent,automated,0.9694
7a617025-dcbd-4191-8f86-70e40e33defd,clean,automated,0.8907
4b0282ec-2783-4686-8b0d-dca3c0bb07f5,excellent,automated,0.9631
4b0282ec-2783-4686-8b0d-dca3c0bb07f5,clean,automated,0.9647
aea9daf2-fc7c-40e1-a266-a7367d8fe0e0,excellent,automated,0.9701
aea9daf2-fc7c-40e1-a266-a7367d8fe0e0,clean,automated,0.8937
75afb81c-1269-4ade-b41b-b70b06274359,excellent,automated,0.962
75afb81c-1269-4ade-b41b-b70b06274359,clean,automated,0.9339
d48139e4-478c-49f2-8e51-88e73941a544,excellent,automated,0.9863
d48139e4-478c-49f2-8e51-88e73941a544,clean,automated,0.8872
d3c36e21-5299-4d4c-b87d-22d85aca4601,excellent,automated,0.9771
d3c36e21-5299-4d4c-b87d-22d85aca4601,clean,automated,0.942
a52b869c-21c7-4858-93d2-5f8c7e91bea7,excellent,automated,0.9574
a52b869c-21c7-4858-93d2-5f8c7e91bea7,clean,automated,0.9362
f4cf030a-2596-49dd-8b5f-a69e36cf9919,excellent,automated,0.9537
f4cf030a-2596-49dd-8b5f-a69e36cf9919,clean,automated,0.8724
2a9bef08-83c9-4333-bdca-cf5f2aac5309,excellent,automated,0.9876
2a9bef08-83c9-4333-bdca-cf5f2aac5309,clean,automated,0.8836
a2f48f36-d767-431d-afa7-347b59db83e5,excellent,automated,0.9737
a2f48f36-d767-431d-afa7-347b59db83e5,clean,automated,0.9856
57b6eebb-5db5-4bb1-8e0b-b13b74167241,excellent,automated,0.9575
57b6eebb-5db5-4bb1-8e0b-b13b74167241,clean,automated,0.9467
dc83430d-67d6-4e62-95b9-bff813947221,clean,automated,0.9101
767b5116-5839-48ac-a0b7-d26808f3583f,excellent,automated,0.9718
767b5116-5839-48ac-a0b7-d26808f3583f,clean,automated,0.9907
14f7786c-3676-4421-afe0-4c4b84902b77,excellent,automated,0.9702
14f7786c-3676-4421-afe0-4c4b84902b77,clean,automated,0.9054
36f48862-97a6-4b61-8929-b5ea32128abd,excellent,automated,0.9875
36f48862-97a6-4b61-8929-b5ea32128abd,clean,automated,0.8826
5da3b8ed-cbdd-48da-878b-8312ba21da14,excellent,automated,0.9763
5da3b8ed-cbdd-48da-878b-8312ba21da14,clean,automated,0.9981
79dd7988-58af-49a4-97ff-56934fc94f32,clean,automated,0.9611
506d59da-66fe-42bb-97d5-065e29814171,excellent,automated,0.9537
506d59da-66fe-42bb-97d5-065e29814171,clean,automated,0.9993
3996dda8-a964-4c11-8b54-c6a4f954194c,excellent,automated,0.991
3996dda8-a964-4c11-8b54-c6a4f954194c,clean,automated,0.9617
3afc8186-6e6c-4e2f-b228-c1461f4d5970,excellent,automated,0.9876
3afc8186-6e6c-4e2f-b228-c1461f4d5970,clean,automated,0.9617
98213fd1-9079-4716-a615-812439992069,excellent,automated,0.978
98213fd1-9079-4716-a615-812439992069,clean,automated,0.9173
af2ca7c6-9b78-4f73-b0b1-275988c3991c,excellent,automated,0.9687
af2ca7c6-9b78-4f73-b0b1-275988c3991c,clean,automated,0.8594
3eee8e40-e003-4147-bdaf-2d69142706e1,excellent,automated,0.9774
3eee8e40-e003-4147-bdaf-2d69142706e1,clean,automated,0.9023
d5fdc02d-7c67-4db1-81c8-6fdb7ca78b91,excellent,automated,0.9503
d5fdc02d-7c67-4db1-81c8-6fdb7ca78b91,clean,automated,0.8557
fefdad07-3ea7-4428-b6b7-3a4b211adf0e,excellent,automated,0.9978
fefdad07-3ea7-4428-b6b7-3a4b211adf0e,clean,automated,0.8887
f8ed35e1-8a66-4264-8dd9-546161b5978f,excellent,automated,0.9621
f8ed35e1-8a66-4264-8dd9-546161b5978f,clean,automated,0.8771
491270cc-1a83-4168-a0a7-437c994af383,excellent,automated,0.9511
491270cc-1a83-4168-a0a7-437c994af383,clean,automated,0.9436
aee59964-0c13-49ee-8e1b-811050511cca,excellent,automated,0.9945
aee59964-0c13-49ee-8e1b-811050511cca,clean,automated,0.9674
fad8f8d9-764b-4302-bd34-d0f668fd784c,excellent,automated,0.9687
fad8f8d9-764b-4302-bd34-d0f668fd784c,clean,automated,0.9013
39b91fe1-eefd-409f-9de4-55c8cbcbe725,excellent,automated,0.9897
39b91fe1-eefd-409f-9de4-55c8cbcbe725,clean,automated,0.8801
e7b84167-8b0a-4307-ad1e-34299579de43,excellent,automated,0.9846
e7b84167-8b0a-4307-ad1e-34299579de43,clean,automated,0.9242
6a2c7dae-fdf5-480d-b9e2-648095823e53,excellent,automated,0.9762
6a2c7dae-fdf5-480d-b9e2-648095823e53,clean,automated,0.8841
a61ba6e7-f7c6-4617-a879-33594cec1a31,excellent,automated,0.9617
a61ba6e7-f7c6-4617-a879-33594cec1a31,clean,automated,0.9585
b216b008-de64-4db5-8249-2ca554a5c60e,excellent,automated,0.9941
b216b008-de64-4db5-8249-2ca554a5c60e,clean,automated,0.9689
8ef70ddb-5119-4ee5-9826-d2fe6365f02b,excellent,automated,0.9765
8ef70ddb-5119-4ee5-9826-d2fe6365f02b,clean,automated,0.8597
f7c9fc82-d201-4714-bf93-d0aa55b562ca,excellent,automated,0.9561
f7c9fc82-d201-4714-bf93-d0aa55b562ca,clean,automated,0.9664
1ec21965-3107-4f89-acc2-415b34302473,excellent,automated,0.9726
1ec21965-3107-4f89-acc2-415b34302473,clean,automated,0.9177
6fe6cfec-5f65-43f0-84a0-1495bf8fa898,clean,automated,0.9183
66c94047-60b0-495b-873a-028a48f680e7,clean,automated,0.8924
0bfea431-ecf0-4e6e-9f56-017906b0e19a,excellent,automated,0.9795
0bfea431-ecf0-4e6e-9f56-017906b0e19a,clean,automated,0.9311
1bc0f667-0874-42fb-8cd6-09f1d3f8d05a,clean,automated,0.9272
58c92db3-415a-415b-ba32-28350c480281,excellent,automated,0.9562
58c92db3-415a-415b-ba32-28350c480281,clean,automated,0.9546
80485c3b-8a9a-4f7a-b2f2-b017e75862ad,excellent,automated,0.9863
80485c3b-8a9a-4f7a-b2f2-b017e75862ad,clean,automated,0.9096
bd04def0-5726-4bd9-af8e-1f427f538e6d,excellent,automated,0.971
bd04def0-5726-4bd9-af8e-1f427f538e6d,clean,automated,0.8624
440fc429-99d1-4d4b-a409-5d83aec75bbb,excellent,automated,0.96
440fc429-99d1-4d4b-a409-5d83aec75bbb,clean,automated,0.9493
4a1c09c5-8db3-4a10-b2f9-39b847b946c0,late_submission,automated,1.0
4a1c09c5-8db3-4a10-b2f9-39b847b946c0,clean,automated,0.9759
987d68cc-8d60-4b4f-a5ed-43a834d28371,excellent,automated,0.961
987d68cc-8d60-4b4f-a5ed-43a834d28371,clean,automated,0.9236
e9847135-7b4a-4c83-a63e-926cdd51aec5,late_submission,automated,1.0
e9847135-7b4a-4c83-a63e-926cdd51aec5,excellent,automated,0.9701
e9847135-7b4a-4c83-a63e-926cdd51aec5,clean,automated,0.8956
c65ec4b5-579b-4b2f-a0c5-f3908efced01,late_submission,automated,1.0
c65ec4b5-579b-4b2f-a0c5-f3908efced01,excellent,automated,0.9929
c65ec4b5-579b-4b2f-a0c5-f3908efced01,clean,automated,0.9302
6e578862-61ea-4cbc-92c0-67c6d528cb55,late_submission,automated,1.0
6e578862-61ea-4cbc-92c0-67c6d528cb55,clean,automated,0.8561
6c8740ff-72dd-4e8c-a1f4-d44ddc3cb1a0,late_submission,automated,1.0
6c8740ff-72dd-4e8c-a1f4-d44ddc3cb1a0,clean,automated,0.8934
aa752f4f-e75d-4b66-b162-359412932d75,excellent,automated,0.9691
aa752f4f-e75d-4b66-b162-359412932d75,clean,automated,0.9268
06271c07-66f9-44d8-beb0-44ebc344e6bc,excellent,automated,0.9734
06271c07-66f9-44d8-beb0-44ebc344e6bc,clean,automated,0.9721
3ce5af51-f969-4e2c-a769-7d23f0e3a613,excellent,automated,0.9917
3ce5af51-f969-4e2c-a769-7d23f0e3a613,clean,automated,0.8632
6802becb-911e-40ea-ad0b-0b97b34860f2,excellent,automated,0.9562
6802becb-911e-40ea-ad0b-0b97b34860f2,clean,automated,0.9037
695e4507-4e3f-4a26-97cb-69a402e49a5d,excellent,automated,0.9623
695e4507-4e3f-4a26-97cb-69a402e49a5d,clean,automated,0.9709
92bc9558-4905-468a-8f2b-4c40b07677c5,excellent,automated,0.9955
92bc9558-4905-468a-8f2b-4c40b07677c5,clean,automated,0.8587
632c9fa4-2638-4f57-89e5-ad2f29607a06,excellent,automated,0.9568
632c9fa4-2638-4f57-89e5-ad2f29607a06,clean,automated,0.8511
b0606692-b81d-4717-bf97-759dbc7d046f,excellent,automated,0.994
b0606692-b81d-4717-bf97-759dbc7d046f,clean,automated,0.9419
033e2e52-4d19-4077-95cc-9ab25ce48835,excellent,automated,0.9812
033e2e52-4d19-4077-95cc-9ab25ce48835,clean,automated,0.9647
707ca4fc-2544-4810-b5f0-1f6e2bcff216,excellent,automated,0.9988
707ca4fc-2544-4810-b5f0-1f6e2bcff216,clean,automated,1.0
347a2a22-0aa1-4d38-ab7c-b79912dba653,excellent,automated,0.9727
347a2a22-0aa1-4d38-ab7c-b79912dba653,clean,automated,0.8795
e6ac32dd-6bdb-451c-8fb4-2bf3a81a087b,excellent,automated,0.9952
e6ac32dd-6bdb-451c-8fb4-2bf3a81a087b,clean,automated,0.8944
6181d856-9e3b-483f-a72e-3ecfa7419db7,excellent,automated,0.9988
6181d856-9e3b-483f-a72e-3ecfa7419db7,clean,automated,0.9777
d85c81e7-1aa1-45db-89e3-148ab6eef7ea,excellent,automated,0.9963
d85c81e7-1aa1-45db-89e3-148ab6eef7ea,clean,automated,0.9053
9d99c90c-8ba6-4030-94a2-3d40d9830c62,excellent,automated,0.9527
9d99c90c-8ba6-4030-94a2-3d40d9830c62,clean,automated,0.8609
51303b3a-5fc3-41af-a1ac-27ff7f0c0315,excellent,automated,0.9909
51303b3a-5fc3-41af-a1ac-27ff7f0c0315,clean,automated,0.8689
61bcff92-933a-4cf2-aebf-e8a8df53d476,clean,automated,0.9442
2af5811a-bda9-4c0e-9cbf-f9c479a3e095,excellent,automated,0.9562
2af5811a-bda9-4c0e-9cbf-f9c479a3e095,clean,automated,0.9062
6c5553ce-7939-4dc6-b254-2a6af1000082,excellent,automated,0.975
6c5553ce-7939-4dc6-b254-2a6af1000082,clean,automated,0.8821
bd89b4f3-5dac-4c48-9738-fb0cacadf1dc,excellent,automated,0.9823
bd89b4f3-5dac-4c48-9738-fb0cacadf1dc,clean,automated,0.9672
353156c8-3a5e-4dbf-b65b-3d4c8da15bf0,excellent,automated,0.9613
353156c8-3a5e-4dbf-b65b-3d4c8da15bf0,clean,automated,0.8552
3477d045-a07f-4478-bf4f-01b043fab3df,excellent,automated,0.9985
3477d045-a07f-4478-bf4f-01b043fab3df,clean,automated,0.9267
ab202d50-07ac-4927-a119-3d289e4d412f,excellent,automated,0.9616
ab202d50-07ac-4927-a119-3d289e4d412f,clean,automated,0.9445
d1681b35-12e8-42f8-9680-f7ef82f73d67,excellent,automated,0.9885
d1681b35-12e8-42f8-9680-f7ef82f73d67,clean,automated,0.8517
604a0bd9-2581-460b-9d81-e27ac9540ae0,clean,automated,0.8639
807e384c-e102-4dae-a707-8e8673626acb,excellent,automated,0.9598
807e384c-e102-4dae-a707-8e8673626acb,clean,automated,0.9458
78214ece-06dd-4d0f-966f-93ec4d78e8d3,corrupted,automated,0.7885
c35f9f72-ce8a-4e5f-a81b-056f265c44b0,excellent,automated,0.9942
c35f9f72-ce8a-4e5f-a81b-056f265c44b0,clean,automated,0.9206
09343cf7-a607-4b72-8469-aacdcffdac3f,excellent,automated,0.9589
09343cf7-a607-4b72-8469-aacdcffdac3f,clean,automated,0.9613
d6d48a31-4f67-4c1a-b28e-a888a315a54a,excellent,automated,0.9551
d6d48a31-4f67-4c1a-b28e-a888a315a54a,clean,automated,0.9565
3ff7f9d8-e10e-4b3a-b656-1285f0fc7ca0,excellent,automated,0.9761
3ff7f9d8-e10e-4b3a-b656-1285f0fc7ca0,clean,automated,0.9505
0680bee7-ff79-457b-aa9c-6e52c42fe2b9,excellent,automated,0.9508
0680bee7-ff79-457b-aa9c-6e52c42fe2b9,clean,automated,0.9319
942664cc-c6aa-470d-9d5f-78efb567ffa6,excellent,automated,0.9656
942664cc-c6aa-470d-9d5f-78efb567ffa6,clean,automated,0.9595
704ecbbc-e792-438f-9a4f-5c8986c342f2,excellent,automated,0.9993
704ecbbc-e792-438f-9a4f-5c8986c342f2,clean,automated,0.9486
35eaed30-8135-4794-9214-5b5a5f451347,excellent,automated,0.9801
35eaed30-8135-4794-9214-5b5a5f451347,clean,automated,0.945
90a1862c-272d-4499-b3a2-5d353aa998c1,excellent,automated,0.9502
90a1862c-272d-4499-b3a2-5d353aa998c1,clean,automated,0.9149
c72280b3-fcde-4475-b93e-7976805a28da,excellent,automated,0.9801
c72280b3-fcde-4475-b93e-7976805a28da,clean,automated,0.9127
54bef91e-6044-4187-bb9a-9530ce316251,excellent,automated,0.9643
54bef91e-6044-4187-bb9a-9530ce316251,clean,automated,0.9117
50f7d192-018c-431f-bc08-adc8cf02c607,excellent,automated,0.9532
50f7d192-018c-431f-bc08-adc8cf02c607,clean,automated,0.8947
65223842-798e-4e6d-b335-7f40ec591b0f,excellent,automated,0.9823
65223842-798e-4e6d-b335-7f40ec591b0f,clean,automated,0.9659
d0a90ae2-4d27-4c89-b9bc-2dc0917cab49,clean,automated,0.9688
8e41d067-a4f5-4245-ae25-a372812f30df,excellent,automated,0.9658
8e41d067-a4f5-4245-ae25-a372812f30df,clean,automated,0.9536
57ee33a3-51d4-4980-8316-1fdaeafce9c4,excellent,automated,0.9824
57ee33a3-51d4-4980-8316-1fdaeafce9c4,clean,automated,0.9951
8b55d57e-9adf-4a54-8bac-84b2adcb0123,excellent,automated,0.9846
8b55d57e-9adf-4a54-8bac-84b2adcb0123,clean,automated,0.9224
f27f1d2f-14e2-41ea-99ea-6c07b9e8d337,excellent,automated,0.9591
f27f1d2f-14e2-41ea-99ea-6c07b9e8d337,clean,automated,0.9154
222891ce-eb84-441d-9b31-9e3b77105ffe,excellent,automated,0.9802
222891ce-eb84-441d-9b31-9e3b77105ffe,clean,automated,0.9384
d1d0a1d1-434a-45f7-baef-b878331519a9,excellent,automated,0.9995
d1d0a1d1-434a-45f7-baef-b878331519a9,clean,automated,0.9511
76d84230-79fa-49c5-b5be-7668218f0ae7,excellent,automated,0.9953
76d84230-79fa-49c5-b5be-7668218f0ae7,clean,automated,0.9444
86a8c612-bae8-4bce-8113-3596ade56df7,excellent,automated,0.9761
86a8c612-bae8-4bce-8113-3596ade56df7,clean,automated,0.9147
e53f0036-f7f2-45db-9c26-5c9bccc5ac54,excellent,automated,0.9995
e53f0036-f7f2-45db-9c26-5c9bccc5ac54,clean,automated,0.9963
3405a87d-bf6e-4c6d-9589-b2d23b924ab0,excellent,automated,0.9692
3405a87d-bf6e-4c6d-9589-b2d23b924ab0,clean,automated,0.8638
8fa24a91-5906-48a5-85a5-4c8975260ad7,excellent,automated,0.9956
8fa24a91-5906-48a5-85a5-4c8975260ad7,clean,automated,0.8745
8024b5ea-52ed-4a32-b888-61703c4cc500,excellent,automated,0.9513
8024b5ea-52ed-4a32-b888-61703c4cc500,clean,automated,0.8728
818305f0-8e2b-49a6-b824-6cd291713f52,excellent,automated,0.984
818305f0-8e2b-49a6-b824-6cd291713f52,clean,automated,0.888
42fceb6a-df0d-4c13-9713-2be7c99ca444,clean,automated,0.904
9ecb29f9-206c-40aa-8deb-12c6843dcb37,excellent,automated,0.9523
9ecb29f9-206c-40aa-8deb-12c6843dcb37,clean,automated,0.8674
784b5b26-a7d2-4c82-8ff7-57f70ff1a600,excellent,automated,0.9832
784b5b26-a7d2-4c82-8ff7-57f70ff1a600,clean,automated,0.8541
05d6f7c0-f0f1-4845-9a5c-c27f8ab2cec5,excellent,automated,0.9563
05d6f7c0-f0f1-4845-9a5c-c27f8ab2cec5,clean,automated,0.9869
232207e8-bd31-430e-827e-d88b2e032038,excellent,automated,0.9657
232207e8-bd31-430e-827e-d88b2e032038,clean,automated,0.9126
514b2278-5df4-40c7-8de6-3f33431ab4ff,excellent,automated,0.9964
514b2278-5df4-40c7-8de6-3f33431ab4ff,clean,automated,0.9895
8695e4a8-6fee-4a51-9d60-335bd2e48559,excellent,automated,0.9812
8695e4a8-6fee-4a51-9d60-335bd2e48559,clean,automated,0.8858
0e2db4d5-64a8-4b2e-b0d1-03a650dc5fc1,excellent,automated,0.993
0e2db4d5-64a8-4b2e-b0d1-03a650dc5fc1,clean,automated,0.899
cf7235dc-9807-4022-81dd-a790fb2a3844,excellent,automated,0.9875
cf7235dc-9807-4022-81dd-a790fb2a3844,clean,automated,0.9587
e90b303b-226b-45e3-a370-b03d28d7844a,excellent,automated,0.9988
e90b303b-226b-45e3-a370-b03d28d7844a,clean,automated,0.9779
d67e5bc5-5a66-4fa6-822c-b4ff92c699df,clean,automated,0.8985
b6447469-d630-4001-b3d3-493e1a923152,excellent,automated,0.9584
b6447469-d630-4001-b3d3-493e1a923152,clean,automated,0.9272
391e87a6-b49c-4390-80e6-69e0045afbd4,excellent,automated,0.9818
391e87a6-b49c-4390-80e6-69e0045afbd4,clean,automated,0.963
22463b0e-451d-4279-8f34-a3a99006f2ba,excellent,automated,0.9997
22463b0e-451d-4279-8f34-a3a99006f2ba,clean,automated,0.9286
9dba4a06-7dc0-4c41-aa7e-4ddb5deef3ea,clean,automated,0.8766
5c4a4022-4bce-4e91-9e40-dcd733ff8bee,excellent,automated,0.9894
5c4a4022-4bce-4e91-9e40-dcd733ff8bee,clean,automated,0.9862
0d2ecdc3-fd43-4181-a060-12d267c79374,clean,automated,0.8702
bdf4931f-22e2-4069-ab63-cf8d7a3f8d8d,clean,automated,0.9564
a621aea2-8119-4724-9940-9d6345e2de3c,excellent,automated,0.9549
a621aea2-8119-4724-9940-9d6345e2de3c,clean,automated,0.9161
4357e83f-68b2-42d2-b1ca-679ea1a89566,excellent,automated,0.9632
4357e83f-68b2-42d2-b1ca-679ea1a89566,clean,automated,0.8979
8f0e401e-9689-4263-ab80-6770b6b88a3d,excellent,automated,0.9688
8f0e401e-9689-4263-ab80-6770b6b88a3d,clean,automated,0.991
4b013018-4e8c-439d-926b-6e3fedbef2af,excellent,automated,0.9997
4b013018-4e8c-439d-926b-6e3fedbef2af,clean,automated,0.8859
9bcc4de8-e8ec-4e26-9de4-82fd4baa6369,excellent,automated,0.9901
9bcc4de8-e8ec-4e26-9de4-82fd4baa6369,clean,automated,0.872
23e588c8-b9b4-42d9-97aa-bb5c227fdeaa,excellent,automated,0.9917
23e588c8-b9b4-42d9-97aa-bb5c227fdeaa,clean,automated,0.8772
41005351-053c-4071-9bd1-0ef635372e4a,excellent,automated,0.9525
41005351-053c-4071-9bd1-0ef635372e4a,clean,automated,0.964
bfe0434e-0492-4c0f-aa81-3c8925c49817,excellent,automated,0.9821
bfe0434e-0492-4c0f-aa81-3c8925c49817,clean,automated,0.9389
488f8e6b-eb44-4d10-96ca-fecdd380a15d,excellent,automated,0.9614
488f8e6b-eb44-4d10-96ca-fecdd380a15d,clean,automated,0.9926
3ad4866a-099b-4334-b5f6-6f005e1d02f4,excellent,automated,0.9856
3ad4866a-099b-4334-b5f6-6f005e1d02f4,clean,automated,0.9879
1d5aae71-e6c3-42a2-872e-4f3b981d4ad4,excellent,automated,0.9738
1d5aae71-e6c3-42a2-872e-4f3b981d4ad4,clean,automated,0.8533
b94a0053-5f73-4973-8931-592c4ca5d0af,excellent,automated,0.9976
b94a0053-5f73-4973-8931-592c4ca5d0af,clean,automated,0.8864
0c379ce4-29c6-4160-9fa1-0e052df32e41,excellent,automated,0.9958
0c379ce4-29c6-4160-9fa1-0e052df32e41,clean,automated,0.9754
d659d28d-e80a-47f5-bb22-590c04ed70c1,excellent,automated,0.971
d659d28d-e80a-47f5-bb22-590c04ed70c1,clean,automated,0.8799
658af036-1e13-4a6a-adf6-67329af72305,excellent,automated,0.9627
658af036-1e13-4a6a-adf6-67329af72305,clean,automated,0.965
f98e8ecb-6abb-4f34-9b98-c81d016d5cbc,excellent,automated,0.979
f98e8ecb-6abb-4f34-9b98-c81d016d5cbc,clean,automated,0.9347
a1a4c791-99f0-4219-b9cd-6b15af8f1079,excellent,automated,0.9647
a1a4c791-99f0-4219-b9cd-6b15af8f1079,clean,automated,0.8589
4089e9d2-250d-43cb-a643-c0b5a8f7c405,excellent,automated,0.9674
4089e9d2-250d-43cb-a643-c0b5a8f7c405,clean,automated,0.9498
07b592ed-352d-4e94-b32a-80a5c9396d74,excellent,automated,0.9979
07b592ed-352d-4e94-b32a-80a5c9396d74,clean,automated,0.9794
1cb660ae-97a0-47fd-9921-0915a89a1521,excellent,automated,0.9509
1cb660ae-97a0-47fd-9921-0915a89a1521,clean,automated,0.94
bb7aa413-261d-4c25-960a-45510df6e60e,excellent,automated,0.9942
bb7aa413-261d-4c25-960a-45510df6e60e,clean,automated,0.8589
f91c2718-3683-49af-8142-7a048c6a674f,excellent,automated,0.9775
f91c2718-3683-49af-8142-7a048c6a674f,clean,automated,0.9038
a04830a6-88f7-4b99-bfbd-2fd3a6917a47,clean,automated,0.9703
4eda4d4b-df96-418d-bde3-466d6e19ca81,excellent,automated,0.9735
4eda4d4b-df96-418d-bde3-466d6e19ca81,clean,automated,0.9897
82fd05f4-45a4-450e-9aa2-55778a5f5666,excellent,automated,0.9957
82fd05f4-45a4-450e-9aa2-55778a5f5666,clean,automated,0.9219
724847b5-bacb-4fe1-ba0e-e71519fbdff8,excellent,automated,0.9918
724847b5-bacb-4fe1-ba0e-e71519fbdff8,clean,automated,0.9136
6a47e3da-4c1d-4c97-8ea5-485d72a9b73a,excellent,automated,0.9874
6a47e3da-4c1d-4c97-8ea5-485d72a9b73a,clean,automated,0.9294
6059ea2d-cf08-409c-a879-364d0036533f,excellent,automated,0.9984
6059ea2d-cf08-409c-a879-364d0036533f,clean,automated,0.9298
4d25e2c9-7c92-4126-8360-2f67f6877b09,clean,automated,0.959
bd8f483c-2850-44a9-966f-f5f6f21c17e4,excellent,automated,0.9848
bd8f483c-2850-44a9-966f-f5f6f21c17e4,clean,automated,0.8587
ae6a2025-44f0-448c-be7a-87a65c360b3d,excellent,automated,0.9928
ae6a2025-44f0-448c-be7a-87a65c360b3d,clean,automated,0.9839
60e03419-6c10-47fd-8a0a-d1375eff7916,clean,automated,0.8924
c45aeb1a-4e45-49fe-81ee-ad64493e84a9,excellent,automated,0.9624
c45aeb1a-4e45-49fe-81ee-ad64493e84a9,clean,automated,0.9071
6405bbbf-f89f-4626-b3b9-d3d1dc3de77d,clean,automated,0.9225
e99cef23-5d2d-47d9-9c17-3cb9ce0527e9,excellent,automated,0.9619
e99cef23-5d2d-47d9-9c17-3cb9ce0527e9,clean,automated,0.938
e68c6b59-3092-49ac-946f-1ca9fef8d7da,excellent,automated,0.9544
e68c6b59-3092-49ac-946f-1ca9fef8d7da,clean,automated,0.9483
02414e2e-5e1d-4bcd-bc61-82d69263395c,excellent,automated,0.9599
02414e2e-5e1d-4bcd-bc61-82d69263395c,clean,automated,0.9195
9843b4fc-f1b9-4a57-b4bd-a290c65080bc,excellent,automated,0.9811
9843b4fc-f1b9-4a57-b4bd-a290c65080bc,clean,automated,0.9178
2cd39483-7c83-4ffe-b4c4-cac166d0cf60,excellent,automated,0.9679
2cd39483-7c83-4ffe-b4c4-cac166d0cf60,clean,automated,0.9935
183dd5e9-8b5d-4519-a632-4f7200c00454,excellent,automated,0.9516
183dd5e9-8b5d-4519-a632-4f7200c00454,clean,automated,0.8969
26859a1d-6a91-4de0-9ba8-63cebce67d76,clean,automated,0.99
8215df48-9d44-48c9-9af1-3c921d6f62c8,excellent,automated,0.9689
8215df48-9d44-48c9-9af1-3c921d6f62c8,clean,automated,0.8672
606363b8-52a9-4e0f-a3bb-d36c8a793f5c,excellent,automated,0.9602
606363b8-52a9-4e0f-a3bb-d36c8a793f5c,clean,automated,0.9125
45cca561-7c93-4f43-9bee-36b5b33ac2ce,excellent,automated,0.9762
45cca561-7c93-4f43-9bee-36b5b33ac2ce,clean,automated,0.9161
e9cced59-c83e-4c73-ae48-5c7fab4b4c11,late_submission,automated,1.0
e9cced59-c83e-4c73-ae48-5c7fab4b4c11,excellent,automated,0.9653
e9cced59-c83e-4c73-ae48-5c7fab4b4c11,clean,automated,0.8817
bc55484c-e314-456e-931f-e17f6d17bec1,excellent,automated,0.9998
bc55484c-e314-456e-931f-e17f6d17bec1,clean,automated,0.9183
9f9597e3-34ed-4557-9711-a32a7639feb0,excellent,automated,0.9752
9f9597e3-34ed-4557-9711-a32a7639feb0,clean,automated,0.9857
4127d927-4ef3-4e73-9f9a-3dec44da51c3,late_submission,automated,1.0
4127d927-4ef3-4e73-9f9a-3dec44da51c3,excellent,automated,0.9732
4127d927-4ef3-4e73-9f9a-3dec44da51c3,clean,automated,0.9582
efc82d0d-121b-4295-a97f-bcd51ea40d67,late_submission,automated,1.0
efc82d0d-121b-4295-a97f-bcd51ea40d67,clean,automated,0.9553
1d080299-68b2-4ab4-8ae2-803eb28111c9,excellent,automated,0.9856
1d080299-68b2-4ab4-8ae2-803eb28111c9,clean,automated,0.8815
cc09633a-68f7-4f20-beee-364fcc871a24,excellent,automated,0.9978
cc09633a-68f7-4f20-beee-364fcc871a24,clean,automated,0.9326
4e56b866-ccfc-48a2-8972-e2cde10e4274,late_submission,automated,1.0
4e56b866-ccfc-48a2-8972-e2cde10e4274,excellent,automated,0.9818
4e56b866-ccfc-48a2-8972-e2cde10e4274,clean,automated,0.9903
13fe105f-ebba-44f8-9c79-cf65f4e53c21,late_submission,automated,1.0
13fe105f-ebba-44f8-9c79-cf65f4e53c21,excellent,automated,0.9927
13fe105f-ebba-44f8-9c79-cf65f4e53c21,clean,automated,0.8891
d1bac1b3-9077-43c1-baec-acc0796c48d0,excellent,automated,0.9654
d1bac1b3-9077-43c1-baec-acc0796c48d0,clean,automated,0.8719
f2ac0dba-3f2f-46ed-a077-b202a0519b14,excellent,automated,0.9621
f2ac0dba-3f2f-46ed-a077-b202a0519b14,clean,automated,0.9183
f7842b80-495a-4a45-8da9-ffed030d5e26,late_submission,automated,1.0
f7842b80-495a-4a45-8da9-ffed030d5e26,excellent,automated,0.9825
f7842b80-495a-4a45-8da9-ffed030d5e26,clean,automated,0.9167
49f96c4c-a02e-4b5e-bef1-688d7a3b03a0,excellent,automated,0.9697
49f96c4c-a02e-4b5e-bef1-688d7a3b03a0,clean,automated,0.9126
4db95ee2-fe45-4b88-a5eb-8a05b9098232,excellent,automated,0.9874
4db95ee2-fe45-4b88-a5eb-8a05b9098232,clean,automated,0.9706
e6fa4fc5-6e7d-4e43-8b56-7474b494b709,excellent,automated,0.9525
e6fa4fc5-6e7d-4e43-8b56-7474b494b709,clean,automated,0.9999
3959805b-0527-40a5-982b-ae6b3074fd83,excellent,automated,0.995
3959805b-0527-40a5-982b-ae6b3074fd83,clean,automated,0.9779
69c1f1a9-0691-416e-b942-9819ce270674,excellent,automated,0.9806
69c1f1a9-0691-416e-b942-9819ce270674,clean,automated,0.9349
ceb47abb-865d-4a32-8896-ccad3dfa426e,excellent,automated,0.9868
ceb47abb-865d-4a32-8896-ccad3dfa426e,clean,automated,0.9904
11dd2289-188d-48aa-a6ef-393198dcdf0a,excellent,automated,0.9555
11dd2289-188d-48aa-a6ef-393198dcdf0a,clean,automated,0.8935
5301cf09-97fb-48f1-bac8-ab72d9cf34f4,excellent,automated,0.9715
5301cf09-97fb-48f1-bac8-ab72d9cf34f4,clean,automated,0.9001
3b9b7181-2b36-4fe2-89fd-de7446de2a00,excellent,automated,0.9979
3b9b7181-2b36-4fe2-89fd-de7446de2a00,clean,automated,0.9241
0df042af-b70b-462a-beef-fe07f7d9a91b,excellent,automated,0.9924
0df042af-b70b-462a-beef-fe07f7d9a91b,clean,automated,0.9512
90f4e2ee-61ec-41ba-b4ec-b0806c4dde40,excellent,automated,0.9687
90f4e2ee-61ec-41ba-b4ec-b0806c4dde40,clean,automated,0.9374
e90b4387-739e-4ff7-b13a-ac815482c6e6,excellent,automated,0.9872
e90b4387-739e-4ff7-b13a-ac815482c6e6,clean,automated,0.9697
66403894-0b51-4202-b5a2-b54d404ef6fb,excellent,automated,0.9931
66403894-0b51-4202-b5a2-b54d404ef6fb,clean,automated,0.9915
00932132-23c8-40e5-83a4-df6d65dcad28,excellent,automated,0.984
00932132-23c8-40e5-83a4-df6d65dcad28,clean,automated,0.9909
cab82e96-7012-47eb-b6ea-58f1be583e64,clean,automated,0.9579
666d52c8-b3bd-461a-bf7c-dc42ce1b9536,excellent,automated,0.981
666d52c8-b3bd-461a-bf7c-dc42ce1b9536,clean,automated,0.8701
00d49024-1382-4145-b19c-25e189ef5804,excellent,automated,0.9739
00d49024-1382-4145-b19c-25e189ef5804,clean,automated,0.87
337ddb3c-4f60-4ae4-8363-3d5b0366f040,excellent,automated,0.9693
337ddb3c-4f60-4ae4-8363-3d5b0366f040,clean,automated,0.8968
4dcfc3fc-93de-4839-a1a2-0a4e40dcb32c,excellent,automated,0.982
4dcfc3fc-93de-4839-a1a2-0a4e40dcb32c,clean,automated,0.8958
bc8a13dd-e3ca-488f-95f0-72de7f16afe4,excellent,automated,0.9593
bc8a13dd-e3ca-488f-95f0-72de7f16afe4,clean,automated,0.9225
91e011d2-6f38-4676-8a60-9338a3dda23d,excellent,automated,0.9894
91e011d2-6f38-4676-8a60-9338a3dda23d,clean,automated,0.9086
16113dbb-b7cd-472d-91a7-9cb546120a99,excellent,automated,0.9618
16113dbb-b7cd-472d-91a7-9cb546120a99,clean,automated,0.9787
58519341-ac40-415a-900f-ddc5dda70efd,excellent,automated,0.9735
58519341-ac40-415a-900f-ddc5dda70efd,clean,automated,0.9957
6d921ddd-0b25-4d6e-9f42-bdfd24691448,excellent,automated,0.9785
6d921ddd-0b25-4d6e-9f42-bdfd24691448,clean,automated,0.9199
288f61dc-303c-412f-b480-fd0e1dd8e656,excellent,automated,0.9664
288f61dc-303c-412f-b480-fd0e1dd8e656,clean,automated,0.862
3d3156e8-9754-4b9a-8822-a330d2fe0778,clean,automated,0.9844
02e2d481-04db-4657-9aae-96555482db80,excellent,automated,0.9811
02e2d481-04db-4657-9aae-96555482db80,clean,automated,0.9302
6dad1ca2-120d-4d40-bfe1-d3ab86471ace,excellent,automated,0.9689
6dad1ca2-120d-4d40-bfe1-d3ab86471ace,clean,automated,0.8729
22443eb8-11b2-44ce-b325-b5573af4f414,excellent,automated,0.9576
22443eb8-11b2-44ce-b325-b5573af4f414,clean,automated,0.9012
8f8f4435-40d4-41f4-8c55-b4a32090c97c,clean,automated,0.9206
75b6b5aa-111a-4abf-aa5c-3645bc4533fb,excellent,automated,0.9658
75b6b5aa-111a-4abf-aa5c-3645bc4533fb,clean,automated,0.9806
c340d95f-a1d7-4f1d-a722-dc19d2f8108f,excellent,automated,0.9838
c340d95f-a1d7-4f1d-a722-dc19d2f8108f,clean,automated,0.9113
da560b43-5f9e-4572-bb93-e92582fd9a6c,excellent,automated,0.9738
da560b43-5f9e-4572-bb93-e92582fd9a6c,clean,automated,0.9229
23324e4d-0c70-48ff-b5b2-22dcd68df802,excellent,automated,0.98
23324e4d-0c70-48ff-b5b2-22dcd68df802,clean,automated,0.9672
7a293038-13c2-49eb-8754-ee20723267c2,excellent,automated,0.9533
7a293038-13c2-49eb-8754-ee20723267c2,clean,automated,0.8551
057267dc-2650-4000-a189-64cbf7f2a749,excellent,automated,0.9558
057267dc-2650-4000-a189-64cbf7f2a749,clean,automated,0.8996
13484e72-1e52-4030-a82f-1f90358fb71e,excellent,automated,0.9737
13484e72-1e52-4030-a82f-1f90358fb71e,clean,automated,0.8926
5d71d980-9145-4307-9038-1107c8da4f59,excellent,automated,0.9684
5d71d980-9145-4307-9038-1107c8da4f59,clean,automated,0.9551
a5f4b3c5-a607-4e95-9ba3-52e0b44172c3,excellent,automated,0.9722
a5f4b3c5-a607-4e95-9ba3-52e0b44172c3,clean,automated,0.9157
1e385657-438c-42c6-bfef-c616348fa695,excellent,automated,0.9996
1e385657-438c-42c6-bfef-c616348fa695,clean,automated,0.968
4cb3af97-47c0-434c-9e37-0c68bf2db5e3,excellent,automated,0.9537
4cb3af97-47c0-434c-9e37-0c68bf2db5e3,clean,automated,0.9057
7616ae3c-a38f-4f04-9ca9-4f1e87bbac66,excellent,automated,0.9717
7616ae3c-a38f-4f04-9ca9-4f1e87bbac66,clean,automated,0.951
362c4861-2858-473c-8df9-4c273b0aa614,excellent,automated,0.9523
362c4861-2858-473c-8df9-4c273b0aa614,clean,automated,0.8627
180b98d2-f3ce-44f9-8d2e-f1add98d8222,excellent,automated,0.979
180b98d2-f3ce-44f9-8d2e-f1add98d8222,clean,automated,0.9796
b1c245fd-02c0-4937-9b6b-133011f51165,excellent,automated,0.9843
b1c245fd-02c0-4937-9b6b-133011f51165,clean,automated,0.9412
23e31223-dc78-4388-a99c-89d6c861e180,excellent,automated,0.968
23e31223-dc78-4388-a99c-89d6c861e180,clean,automated,0.8682
b61f69a0-e8a5-49f7-bad6-aa0911eb2dcc,excellent,automated,0.9926
b61f69a0-e8a5-49f7-bad6-aa0911eb2dcc,clean,automated,0.8594
cca163ca-fc49-4bb8-89ca-65ab5afe7214,excellent,automated,0.981
cca163ca-fc49-4bb8-89ca-65ab5afe7214,clean,automated,0.91
ec421dcb-5280-4c34-9311-85baf789253a,excellent,automated,0.9647
ec421dcb-5280-4c34-9311-85baf789253a,clean,automated,0.9909
751adaeb-fd20-48b2-b7df-5f09b9161ff8,excellent,automated,0.9823
751adaeb-fd20-48b2-b7df-5f09b9161ff8,clean,automated,0.8553
d7f98640-e5dd-464c-894a-0670299e2f22,excellent,automated,0.9972
d7f98640-e5dd-464c-894a-0670299e2f22,clean,automated,0.8859
e37cfa04-4626-452e-a221-fe8be0e8dcb2,excellent,automated,0.983
e37cfa04-4626-452e-a221-fe8be0e8dcb2,clean,automated,0.9326
0b4caf69-3f8d-4b98-b910-a6b299d15e05,clean,automated,0.9147
556ed411-4d94-4a1d-a534-6e5f1573540d,excellent,automated,0.9651
556ed411-4d94-4a1d-a534-6e5f1573540d,clean,automated,0.9579
acdcef12-6430-43cf-b776-8b7d57d3dbdf,clean,automated,0.8984
6dcca989-9eee-4195-baee-0b0fded814d8,excellent,automated,0.9893
6dcca989-9eee-4195-baee-0b0fded814d8,clean,automated,0.8625
23343a87-26f7-4560-ad9c-feb00a922c4c,excellent,automated,0.9532
23343a87-26f7-4560-ad9c-feb00a922c4c,clean,automated,0.8691
bedb306e-1d9a-4aaf-94dc-7b1d001ebb9f,excellent,automated,0.983
bedb306e-1d9a-4aaf-94dc-7b1d001ebb9f,clean,automated,0.9876
767f5ae7-05af-461e-abae-b16a7b9c0137,excellent,automated,0.9573
767f5ae7-05af-461e-abae-b16a7b9c0137,clean,automated,0.8573
d5059b6b-8ff7-40a6-a421-76a0f2ebf2f4,excellent,automated,0.9791
d5059b6b-8ff7-40a6-a421-76a0f2ebf2f4,clean,automated,0.9381
a5bd3b7d-9a0e-4592-866b-947c14d90b8d,excellent,automated,0.9699
a5bd3b7d-9a0e-4592-866b-947c14d90b8d,clean,automated,0.9693
e46436bd-ef05-475d-9a0b-df7337888237,excellent,automated,0.9513
e46436bd-ef05-475d-9a0b-df7337888237,clean,automated,0.9911
1c420b19-e0d7-4f62-b722-8fbb7a86a49c,excellent,automated,0.9525
1c420b19-e0d7-4f62-b722-8fbb7a86a49c,clean,automated,0.9865
efbda64f-1d00-4cca-9637-4c1e1c2da321,excellent,automated,0.9573
efbda64f-1d00-4cca-9637-4c1e1c2da321,clean,automated,0.8993
b86f950e-06c8-4d0a-b622-49af76117407,excellent,automated,0.988
b86f950e-06c8-4d0a-b622-49af76117407,clean,automated,0.8846
55df0fe6-81c5-4500-8db2-7fde79279a1d,excellent,automated,0.9662
55df0fe6-81c5-4500-8db2-7fde79279a1d,clean,automated,0.8839
da54cb97-b4f7-4176-896f-78f9f7d70793,excellent,automated,0.9917
da54cb97-b4f7-4176-896f-78f9f7d70793,clean,automated,0.9848
767b2244-0152-4301-b8dc-64fc558c3cba,excellent,automated,0.9539
767b2244-0152-4301-b8dc-64fc558c3cba,clean,automated,0.9454
9c878e32-706a-476b-b39c-38e5bf8d7e35,clean,automated,0.935
18049445-a285-4d9a-b2e1-7e8c8de25486,clean,automated,0.9815
90cf8819-176e-4127-85c7-a7d4523f2440,excellent,automated,0.9856
90cf8819-176e-4127-85c7-a7d4523f2440,clean,automated,0.9435
eb4a28b0-36b8-45c2-9cc4-a79f8dac9e22,clean,automated,0.8834
94afe3d8-1264-49e7-9eda-90db8f72318a,clean,automated,0.8857
6de607f7-063b-45d0-8fe2-75c876c19c9e,excellent,automated,0.9927
6de607f7-063b-45d0-8fe2-75c876c19c9e,clean,automated,0.9346
2e3c6a33-7f1c-44a9-aa25-7edf4a0c77f1,excellent,automated,0.9903
2e3c6a33-7f1c-44a9-aa25-7edf4a0c77f1,clean,automated,0.8643
5e1a500f-b92e-4d58-9cca-59fb0f4b0d16,excellent,automated,0.9958
5e1a500f-b92e-4d58-9cca-59fb0f4b0d16,clean,automated,0.915
4c871518-4775-4cc6-9ed8-136f85b6802b,excellent,automated,0.9992
4c871518-4775-4cc6-9ed8-136f85b6802b,clean,automated,0.8704
9185f121-4a2a-4c52-bf10-18cce620bb5a,excellent,automated,0.974
9185f121-4a2a-4c52-bf10-18cce620bb5a,clean,automated,0.9015
c5d365a5-ad31-4342-a18f-bb4795214142,excellent,automated,0.9741
c5d365a5-ad31-4342-a18f-bb4795214142,clean,automated,0.8949
ace69fb4-4ff8-41ad-9ad4-f85da358410a,excellent,automated,0.9506
ace69fb4-4ff8-41ad-9ad4-f85da358410a,clean,automated,0.9009
e3b640ed-044c-4c8d-8cb9-f2c25da7b501,excellent,automated,0.9929
e3b640ed-044c-4c8d-8cb9-f2c25da7b501,clean,automated,0.887
bbb96d0b-9fe9-476c-bd91-eb33d7e8b7ac,excellent,automated,0.9792
bbb96d0b-9fe9-476c-bd91-eb33d7e8b7ac,clean,automated,0.9758
cd40d726-3133-4e36-bfbc-ab794a6aa02f,excellent,automated,0.9792
cd40d726-3133-4e36-bfbc-ab794a6aa02f,clean,automated,0.9815
58674ceb-ab14-45c6-8a96-9aaebceeb399,excellent,automated,0.95
58674ceb-ab14-45c6-8a96-9aaebceeb399,clean,automated,0.8771
28aaf6b6-0fa0-40d1-9de2-46435198ca38,excellent,automated,0.9933
28aaf6b6-0fa0-40d1-9de2-46435198ca38,clean,automated,0.8968
6bbae8cc-15df-4181-9a43-4a30f68a29c8,excellent,automated,0.9972
6bbae8cc-15df-4181-9a43-4a30f68a29c8,clean,automated,0.9779
3d7ab764-edd3-4306-8118-6425cfd16706,excellent,automated,0.9629
3d7ab764-edd3-4306-8118-6425cfd16706,clean,automated,0.8884
b245d836-3942-4e41-9a15-9de7860fe655,excellent,automated,0.9721
b245d836-3942-4e41-9a15-9de7860fe655,clean,automated,0.8533
4bdd4658-63bd-4419-a5f4-67c3a35cd092,excellent,automated,0.9552
4bdd4658-63bd-4419-a5f4-67c3a35cd092,clean,automated,0.9107
7aecba76-83a5-4436-ac5c-9b2a41fa0e86,excellent,automated,0.9921
7aecba76-83a5-4436-ac5c-9b2a41fa0e86,clean,automated,0.994
92190970-867d-4a81-8429-d00f61f11fa5,excellent,automated,0.9917
92190970-867d-4a81-8429-d00f61f11fa5,clean,automated,0.906
42e0f558-db3d-48a9-b2d1-6f91522da659,excellent,automated,0.9955
42e0f558-db3d-48a9-b2d1-6f91522da659,clean,automated,0.9646
c0fe5204-3cfb-429c-af02-7c132ac72c47,excellent,automated,0.9903
c0fe5204-3cfb-429c-af02-7c132ac72c47,clean,automated,0.8628
720be790-f1d6-4c1e-9cf7-a2d161fde169,excellent,automated,0.9935
720be790-f1d6-4c1e-9cf7-a2d161fde169,clean,automated,0.9738
28377299-b5aa-40fb-bc31-c8e9107d7ae9,excellent,automated,0.969
28377299-b5aa-40fb-bc31-c8e9107d7ae9,clean,automated,0.85
73f93254-75aa-443c-9868-663f783cbd9d,excellent,automated,0.9886
73f93254-75aa-443c-9868-663f783cbd9d,clean,automated,0.9275
fcb7ab7d-71ea-4846-955b-d63ec16ee373,clean,automated,0.8716
5f28f60b-67b5-4587-95ad-7498b4c83566,excellent,automated,0.9789
5f28f60b-67b5-4587-95ad-7498b4c83566,clean,automated,0.88
93aea391-706a-4f77-94ba-368e1f151126,excellent,automated,0.9977
93aea391-706a-4f77-94ba-368e1f151126,clean,automated,0.8526
cbb3d940-5cb7-445f-bc34-36947a9bd5bc,excellent,automated,0.9986
cbb3d940-5cb7-445f-bc34-36947a9bd5bc,clean,automated,0.8585
4b0e484a-076c-42e8-94ad-0d569f4f9629,excellent,automated,0.9784
4b0e484a-076c-42e8-94ad-0d569f4f9629,clean,automated,0.8927
12cd67f4-61bb-4e01-a4b2-3ed281bfc3bc,excellent,automated,0.9798
12cd67f4-61bb-4e01-a4b2-3ed281bfc3bc,clean,automated,0.856
caeb014c-fb62-41f2-8499-6b575dbba241,excellent,automated,0.9922
caeb014c-fb62-41f2-8499-6b575dbba241,clean,automated,0.8523
a21123e7-1e3f-4dd0-8779-22013ad738af,excellent,automated,0.9871
a21123e7-1e3f-4dd0-8779-22013ad738af,clean,automated,0.9664
5c9566be-3c16-465c-ba3e-1ce583bfa344,excellent,automated,0.9797
5c9566be-3c16-465c-ba3e-1ce583bfa344,clean,automated,0.9521
795a97c2-0848-4162-a2d6-1e9d1b37ee47,excellent,automated,0.973
795a97c2-0848-4162-a2d6-1e9d1b37ee47,clean,automated,0.9749
9f975b80-e30d-4f1c-a0a2-601538aa2465,excellent,automated,0.9985
9f975b80-e30d-4f1c-a0a2-601538aa2465,clean,automated,0.9996
c7f02c98-ee72-4e50-b80d-9f6d8fcbf0fe,excellent,automated,0.9549
c7f02c98-ee72-4e50-b80d-9f6d8fcbf0fe,clean,automated,0.9971
73f30ba2-00d5-4cf8-97d1-ce37df0ab3c4,excellent,automated,0.9815
73f30ba2-00d5-4cf8-97d1-ce37df0ab3c4,clean,automated,0.8938
9d5046b2-ea5f-47b8-84cc-1a1a6a6c7fae,excellent,automated,0.958
9d5046b2-ea5f-47b8-84cc-1a1a6a6c7fae,clean,automated,0.9374
1e2cd814-a20e-447d-bc63-aaf8c61df7cd,excellent,automated,0.9652
1e2cd814-a20e-447d-bc63-aaf8c61df7cd,clean,automated,0.9291
cbb21b8c-0e49-4f8f-9d8e-1a28d6b3a497,excellent,automated,0.9864
cbb21b8c-0e49-4f8f-9d8e-1a28d6b3a497,clean,automated,0.9154
e934dc71-dd97-4098-8ed4-8f9326d68004,excellent,automated,0.9604
e934dc71-dd97-4098-8ed4-8f9326d68004,clean,automated,0.8539
9bd02ea6-c608-4cbf-b9ea-24e500d3a46f,excellent,automated,0.9651
9bd02ea6-c608-4cbf-b9ea-24e500d3a46f,clean,automated,0.9858
83307c6c-b351-46be-874f-6d51388c5d80,excellent,automated,0.9933
83307c6c-b351-46be-874f-6d51388c5d80,clean,automated,0.9646
1b51dfdc-ff9b-4d75-9495-ee5b74111f70,excellent,automated,0.9535
1b51dfdc-ff9b-4d75-9495-ee5b74111f70,clean,automated,0.98
37bfe074-6657-4e14-9c51-254675c76cd7,clean,automated,0.9631
df07f3d7-dc63-4e5e-91a4-cb821698e67d,clean,automated,0.9952
3fc4f825-fff1-411d-b5d9-bcae158bfee0,clean,automated,0.8901
f27a2f82-70ec-48ce-b946-50f0f138bf00,excellent,automated,0.9683
f27a2f82-70ec-48ce-b946-50f0f138bf00,clean,automated,0.9095
9d87832a-3446-4891-8c8f-7275f7f377c3,excellent,automated,0.9902
9d87832a-3446-4891-8c8f-7275f7f377c3,clean,automated,0.9492
69798e76-38b6-4821-ad50-1705dd2ed68d,clean,automated,0.851
aa7ba6fb-2d5d-4a7a-b5f3-dce975aebe64,excellent,automated,0.9977
aa7ba6fb-2d5d-4a7a-b5f3-dce975aebe64,clean,automated,0.9213
f4059725-35c6-454d-85c3-29f5a3147276,excellent,automated,0.9926
f4059725-35c6-454d-85c3-29f5a3147276,clean,automated,0.9804
c031baa8-069d-48d9-b5e9-459af65c420b,excellent,automated,0.9815
c031baa8-069d-48d9-b5e9-459af65c420b,clean,automated,0.9769
ba0c9f41-30a0-4ad9-84e7-3ce16ba5c622,excellent,automated,0.9935
ba0c9f41-30a0-4ad9-84e7-3ce16ba5c622,clean,automated,0.8528
8b73c9f8-79d7-4b80-aa85-fa3fdb6fed2d,excellent,automated,0.9518
8b73c9f8-79d7-4b80-aa85-fa3fdb6fed2d,clean,automated,0.897
f337535b-b443-4f73-aaee-c19c70226d6a,excellent,automated,0.9782
f337535b-b443-4f73-aaee-c19c70226d6a,clean,automated,0.9169
d8813bf0-870e-4471-8c29-ca23d5baff40,excellent,automated,0.9576
d8813bf0-870e-4471-8c29-ca23d5baff40,clean,automated,0.9293
65909747-0a5b-4b88-8ab3-e4cb30990049,excellent,automated,0.9617
65909747-0a5b-4b88-8ab3-e4cb30990049,clean,automated,0.8737
c6030d26-cf95-4408-9419-cb99eee361f2,excellent,automated,0.9633
c6030d26-cf95-4408-9419-cb99eee361f2,clean,automated,0.9803
ac26d349-66c7-4034-8de5-b9bc4772a381,excellent,automated,0.9522
ac26d349-66c7-4034-8de5-b9bc4772a381,clean,automated,0.8839
52ad453f-9827-4e08-a283-c7cfb481f14a,excellent,automated,0.9849
52ad453f-9827-4e08-a283-c7cfb481f14a,clean,automated,0.9908
801d060c-3a86-417e-bc0e-6d90ba74ca9e,excellent,automated,0.9957
801d060c-3a86-417e-bc0e-6d90ba74ca9e,clean,automated,0.9773
95a0f066-c4ae-450a-923c-ee1fa4d1e55f,excellent,automated,0.9847
95a0f066-c4ae-450a-923c-ee1fa4d1e55f,clean,automated,0.893
bbdf2b6f-6733-4657-97dd-25cb8ec92a38,excellent,automated,0.9872
bbdf2b6f-6733-4657-97dd-25cb8ec92a38,clean,automated,0.9367
85eb7cf7-81e6-4113-82e4-b9747d8ca850,excellent,automated,0.9734
85eb7cf7-81e6-4113-82e4-b9747d8ca850,clean,automated,0.9837
3f42736c-1413-4dca-b97b-b4c472265230,excellent,automated,0.9575
3f42736c-1413-4dca-b97b-b4c472265230,clean,automated,0.9582
d7f80e5d-1370-44d8-a4de-ce5eae2bbe09,excellent,automated,0.9935
d7f80e5d-1370-44d8-a4de-ce5eae2bbe09,clean,automated,0.9511
78e69e00-4a9b-4154-91cb-0f81b36ed9e2,excellent,automated,0.9977
78e69e00-4a9b-4154-91cb-0f81b36ed9e2,clean,automated,0.9892
813b138a-05f3-4140-bfa7-37936d9e2e9e,excellent,automated,0.9755
813b138a-05f3-4140-bfa7-37936d9e2e9e,clean,automated,0.9687
90e8091e-cc8c-4973-bb74-b28a771ba394,excellent,automated,0.9531
90e8091e-cc8c-4973-bb74-b28a771ba394,clean,automated,0.8733
8d61eb21-b587-4f53-8cff-7d6ac3304e83,excellent,automated,0.9981
8d61eb21-b587-4f53-8cff-7d6ac3304e83,clean,automated,0.9325
39dcc653-73fe-4ba4-a913-99909d688564,excellent,automated,0.9571
39dcc653-73fe-4ba4-a913-99909d688564,clean,automated,0.868
e53bfcc5-7194-4d85-9350-811b327e235d,excellent,automated,0.9701
e53bfcc5-7194-4d85-9350-811b327e235d,clean,automated,0.8933
0f355d4a-12a6-488e-9e13-d2258156de26,excellent,automated,0.9623
0f355d4a-12a6-488e-9e13-d2258156de26,clean,automated,0.869
8c20de75-ea66-45dd-a7a2-6857d2e93e78,excellent,automated,0.9721
8c20de75-ea66-45dd-a7a2-6857d2e93e78,clean,automated,0.9047
133a2653-e1f3-47ef-85df-6856fc3e5dd2,excellent,automated,0.9736
133a2653-e1f3-47ef-85df-6856fc3e5dd2,clean,automated,0.9844
ddc89e11-ca5d-473a-a8a8-0a652ff5b83e,excellent,automated,0.9867
ddc89e11-ca5d-473a-a8a8-0a652ff5b83e,clean,automated,0.9707
97a1d080-b64e-4a77-9a58-097ae56959b8,excellent,automated,0.959
97a1d080-b64e-4a77-9a58-097ae56959b8,clean,automated,0.977
b8017e15-e085-4a82-95f0-3204d4a80cd7,excellent,automated,0.9782
b8017e15-e085-4a82-95f0-3204d4a80cd7,clean,automated,0.8657
7e79c248-18db-4366-93af-80b29ce5ff61,excellent,automated,0.9721
7e79c248-18db-4366-93af-80b29ce5ff61,clean,automated,0.9103
da499f40-ea3e-40bf-b0ee-7dfe630de573,excellent,automated,0.9899
da499f40-ea3e-40bf-b0ee-7dfe630de573,clean,automated,0.9302
aa5bda8d-6c88-4c04-9eb1-eb19df4180b3,excellent,automated,0.9879
aa5bda8d-6c88-4c04-9eb1-eb19df4180b3,clean,automated,0.987
04ee1498-659f-4800-a543-44cc5daffcea,excellent,automated,0.9865
04ee1498-659f-4800-a543-44cc5daffcea,clean,automated,0.917
5b4ddae5-7aa7-464b-8626-1798e8d1a0eb,excellent,automated,0.9954
5b4ddae5-7aa7-464b-8626-1798e8d1a0eb,clean,automated,0.9076
ec3d9a89-2f87-43eb-a8c6-d240bf3ef025,excellent,automated,0.9893
ec3d9a89-2f87-43eb-a8c6-d240bf3ef025,clean,automated,0.9078
14ae4682-a710-4654-933b-fb0fa721b60a,excellent,automated,0.9736
14ae4682-a710-4654-933b-fb0fa721b60a,clean,automated,0.9328
bbd42b87-0044-4451-913a-14b13ec3502e,excellent,automated,0.9705
bbd42b87-0044-4451-913a-14b13ec3502e,clean,automated,0.995
bf08356f-222d-4d28-b90c-ee803cd7e344,excellent,automated,0.9795
bf08356f-222d-4d28-b90c-ee803cd7e344,clean,automated,0.8607
0c44f55e-422e-404a-afe1-9638a09813ee,excellent,automated,0.9689
0c44f55e-422e-404a-afe1-9638a09813ee,clean,automated,0.909
b9b30985-10a0-40c2-b251-7393ae1a1e35,excellent,automated,0.9946
b9b30985-10a0-40c2-b251-7393ae1a1e35,clean,automated,0.8752
9fbc0740-848d-43fe-9974-418e15ca5586,excellent,automated,0.9548
9fbc0740-848d-43fe-9974-418e15ca5586,clean,automated,0.9919
bf173549-22f6-4813-b49b-ea613904b4f1,excellent,automated,0.9666
bf173549-22f6-4813-b49b-ea613904b4f1,clean,automated,0.9654
c6be32e2-9183-474b-a543-e3b5a3f7ae8a,clean,automated,0.9965
5c22b8c2-9691-4948-b27c-bc193072ad91,excellent,automated,0.9558
5c22b8c2-9691-4948-b27c-bc193072ad91,clean,automated,0.9648
e22abb9e-cb08-499e-b48b-af0dd349c1f3,excellent,automated,0.9709
e22abb9e-cb08-499e-b48b-af0dd349c1f3,clean,automated,0.8994
6fa996e4-cdd2-4ca0-9636-f95b39ae59e7,excellent,automated,0.9637
6fa996e4-cdd2-4ca0-9636-f95b39ae59e7,clean,automated,0.8569
977091c8-4451-481a-9ebb-a4a100c00627,excellent,automated,0.9882
977091c8-4451-481a-9ebb-a4a100c00627,clean,automated,0.9994
95f38593-7d8d-4e4b-8a4f-32df3128490a,excellent,automated,0.9658
95f38593-7d8d-4e4b-8a4f-32df3128490a,clean,automated,0.9811
bd52a2ea-6534-4aa8-9ecc-e04f0cb7791f,excellent,automated,0.9515
bd52a2ea-6534-4aa8-9ecc-e04f0cb7791f,clean,automated,0.9798
532c79b3-a6d3-4cf7-af02-9025822a33a3,excellent,automated,0.9502
532c79b3-a6d3-4cf7-af02-9025822a33a3,clean,automated,0.9603
31493aed-8494-4218-a48d-0c1ce842e935,clean,automated,0.9606
d49b5a08-c45b-4be0-923d-8126e1efe86b,excellent,automated,0.9618
d49b5a08-c45b-4be0-923d-8126e1efe86b,clean,automated,0.8725
df9089d4-f805-4ce0-a88e-bcc066ceda94,excellent,automated,0.9657
df9089d4-f805-4ce0-a88e-bcc066ceda94,clean,automated,0.9786
0ea50848-a702-4dfb-a728-f5adb8ce45ee,excellent,automated,0.9521
0ea50848-a702-4dfb-a728-f5adb8ce45ee,clean,automated,0.9216
56731f40-012a-47a1-9aa6-378f67825795,excellent,automated,0.997
56731f40-012a-47a1-9aa6-378f67825795,clean,automated,0.9162
81209cb5-2cd1-4cfb-907b-ea29a3f92f63,excellent,automated,0.9652
81209cb5-2cd1-4cfb-907b-ea29a3f92f63,clean,automated,0.9057
3f1de36b-4068-4a2c-97d0-22511b800af9,excellent,automated,0.9503
3f1de36b-4068-4a2c-97d0-22511b800af9,clean,automated,0.9119
b83ba9c0-8662-4dec-82c6-aff08b17a289,excellent,automated,0.9752
b83ba9c0-8662-4dec-82c6-aff08b17a289,clean,automated,0.9574
6ecfccbb-c7f3-4c6d-b1e1-0fbdcf6e5bb4,excellent,automated,0.9654
6ecfccbb-c7f3-4c6d-b1e1-0fbdcf6e5bb4,clean,automated,0.9397
12435d32-38eb-4828-b4d6-72ce69ba94cd,excellent,automated,0.974
12435d32-38eb-4828-b4d6-72ce69ba94cd,clean,automated,0.9017
acab3421-a320-4163-8b0e-993c5de506ea,excellent,automated,0.9883
acab3421-a320-4163-8b0e-993c5de506ea,clean,automated,0.9459
d54a673f-087f-438f-949f-8432302cb89a,excellent,automated,0.98
d54a673f-087f-438f-949f-8432302cb89a,clean,automated,0.8507
be2f2ece-37b5-4115-9bce-17ad6db6a344,excellent,automated,0.9676
be2f2ece-37b5-4115-9bce-17ad6db6a344,clean,automated,0.8771
09d2733f-0d7a-4bce-9911-e17a4197faab,excellent,automated,0.971
09d2733f-0d7a-4bce-9911-e17a4197faab,clean,automated,0.9368
87f61aac-ae33-4a6e-97da-55bede2a4eaf,excellent,automated,0.9682
87f61aac-ae33-4a6e-97da-55bede2a4eaf,clean,automated,0.8608
cdd8096d-b647-4a2b-9910-8f8e9096f904,excellent,automated,0.9673
cdd8096d-b647-4a2b-9910-8f8e9096f904,clean,automated,0.9147
443b387e-0b14-4be5-8da9-3d247d4c74a7,excellent,automated,0.9749
443b387e-0b14-4be5-8da9-3d247d4c74a7,clean,automated,0.957
8a3a7571-3917-4cff-9d03-b575d6b76ea3,clean,automated,0.8752
50ee590d-7beb-43df-a5f8-ceace1b334cc,excellent,automated,0.9864
50ee590d-7beb-43df-a5f8-ceace1b334cc,clean,automated,0.9911
633111f4-d00e-407d-8cf3-872a81c057f2,excellent,automated,0.9703
633111f4-d00e-407d-8cf3-872a81c057f2,clean,automated,0.9609
bf934324-b80f-4dd1-b93e-a9ab48e003e7,excellent,automated,0.9553
bf934324-b80f-4dd1-b93e-a9ab48e003e7,clean,automated,0.8668
43a8c09e-a244-4f6f-923c-389fb4fc673f,excellent,automated,0.9529
43a8c09e-a244-4f6f-923c-389fb4fc673f,clean,automated,0.8681
6a046918-76cc-4089-851a-567392b5a5da,excellent,automated,0.9958
6a046918-76cc-4089-851a-567392b5a5da,clean,automated,0.9971
19cb19ae-cb8f-4de1-8d02-f9d5e45aeb68,excellent,automated,0.9609
19cb19ae-cb8f-4de1-8d02-f9d5e45aeb68,clean,automated,0.9263
c982910d-b7cd-4e8c-8559-0455295cf402,excellent,automated,0.9525
c982910d-b7cd-4e8c-8559-0455295cf402,clean,automated,0.9381
ce826506-aa30-4e58-950a-6bbd039bcb81,excellent,automated,0.9924
ce826506-aa30-4e58-950a-6bbd039bcb81,clean,automated,0.8903
f380db57-cc4c-4ffb-80b6-ecdfe4759a85,excellent,automated,0.9652
f380db57-cc4c-4ffb-80b6-ecdfe4759a85,clean,automated,0.9297
32aa57f7-9508-43b7-bab0-79074b37e450,excellent,automated,0.9595
32aa57f7-9508-43b7-bab0-79074b37e450,clean,automated,0.866
2b8ef425-154f-4cb7-b784-65f680f01d8d,excellent,automated,0.9789
2b8ef425-154f-4cb7-b784-65f680f01d8d,clean,automated,0.9965
e1d8c91c-f01d-4bcf-8e3f-dec945922285,excellent,automated,0.9644
e1d8c91c-f01d-4bcf-8e3f-dec945922285,clean,automated,0.9839
5940f319-3012-4b79-a4de-2588ecebf1df,excellent,automated,0.9884
5940f319-3012-4b79-a4de-2588ecebf1df,clean,automated,0.8641
c664a346-023c-4c27-bfa4-72b55c0337d1,excellent,automated,0.958
c664a346-023c-4c27-bfa4-72b55c0337d1,clean,automated,0.8811
83016ac5-ea32-4f47-a7ea-ee83f861f691,excellent,automated,0.9506
83016ac5-ea32-4f47-a7ea-ee83f861f691,clean,automated,0.9044
4d8f5564-1a34-4ddf-8471-573e9418a76b,excellent,automated,0.98
4d8f5564-1a34-4ddf-8471-573e9418a76b,clean,automated,0.9667
3e36682e-bcdf-4fd0-bf3d-01b35b89067e,excellent,automated,0.9568
3e36682e-bcdf-4fd0-bf3d-01b35b89067e,clean,automated,0.8676
666b5216-d605-4eb8-aeef-938f8ce10819,excellent,automated,0.9618
666b5216-d605-4eb8-aeef-938f8ce10819,clean,automated,0.9656
58435a4f-26fc-4dbd-864b-91f40d857557,excellent,automated,0.9831
58435a4f-26fc-4dbd-864b-91f40d857557,clean,automated,0.8934
b9a330a9-5407-4a36-ae2a-bbd34bf1d126,excellent,automated,0.9834
b9a330a9-5407-4a36-ae2a-bbd34bf1d126,clean,automated,0.9926
8e708183-2c93-43f7-ac15-95ccdeb059d2,excellent,automated,0.9869
8e708183-2c93-43f7-ac15-95ccdeb059d2,clean,automated,0.9881
c9f4c3e3-48aa-4e7a-8dc7-0433a4ac46f8,excellent,automated,0.992
c9f4c3e3-48aa-4e7a-8dc7-0433a4ac46f8,clean,automated,0.8943
e955cb1e-cc80-46d5-8dbb-8aeb5ebb3ed6,clean,automated,0.9046
d8f1f210-d3ba-48e7-9a15-a761b617a481,excellent,automated,0.9622
d8f1f210-d3ba-48e7-9a15-a761b617a481,clean,automated,0.9109
2c061d28-eb68-45b3-8912-2c3ceddc1fd1,excellent,automated,0.9972
2c061d28-eb68-45b3-8912-2c3ceddc1fd1,clean,automated,0.97
29217c7d-9135-4486-9b9e-b7793abb755c,excellent,automated,0.9828
29217c7d-9135-4486-9b9e-b7793abb755c,clean,automated,0.9158
23645c5c-a585-4e26-9fdd-62e0064ad833,excellent,automated,0.9817
23645c5c-a585-4e26-9fdd-62e0064ad833,clean,automated,0.9048
94e5d669-0f2e-4689-9c16-6a3f1ceaff03,excellent,automated,0.9715
94e5d669-0f2e-4689-9c16-6a3f1ceaff03,clean,automated,0.8763
f08b7710-0436-4304-aa42-7f90337bad83,excellent,automated,0.9749
f08b7710-0436-4304-aa42-7f90337bad83,clean,automated,0.9635
d77ce66c-a35e-45a6-b93b-62dea5584f78,clean,automated,0.8995
160f2557-3762-45f3-a3ce-68759ef44b6e,late_submission,automated,1.0
160f2557-3762-45f3-a3ce-68759ef44b6e,excellent,automated,0.9698
160f2557-3762-45f3-a3ce-68759ef44b6e,clean,automated,0.919
d86c8436-7208-4f77-b82b-5c9416fe6a8e,clean,automated,0.9429
dd93b600-65de-44fc-af27-d331ccb1924a,late_submission,automated,1.0
dd93b600-65de-44fc-af27-d331ccb1924a,excellent,automated,0.9806
dd93b600-65de-44fc-af27-d331ccb1924a,clean,automated,0.8958
bfc79a67-7a4a-4f86-b15b-2319b59819bf,excellent,automated,0.9567
bfc79a67-7a4a-4f86-b15b-2319b59819bf,clean,automated,0.9214
d5ae12ef-24f6-467b-af94-c7ffdf16535a,late_submission,automated,1.0
d5ae12ef-24f6-467b-af94-c7ffdf16535a,excellent,automated,0.9756
d5ae12ef-24f6-467b-af94-c7ffdf16535a,clean,automated,0.9677
2dbc1879-1b00-430a-bd37-e69e42d8b713,late_submission,automated,1.0
2dbc1879-1b00-430a-bd37-e69e42d8b713,clean,automated,0.9078
595220fc-9fa1-4067-8e68-b0cd5a3911f4,excellent,automated,0.977
595220fc-9fa1-4067-8e68-b0cd5a3911f4,clean,automated,0.8887
5e399c3c-7a2c-4e75-af7e-26ecba01a005,late_submission,automated,1.0
5e399c3c-7a2c-4e75-af7e-26ecba01a005,excellent,automated,0.9523
5e399c3c-7a2c-4e75-af7e-26ecba01a005,clean,automated,0.8666
142bdcd9-1530-4037-aff6-222c17335f6a,late_submission,automated,1.0
142bdcd9-1530-4037-aff6-222c17335f6a,clean,automated,0.9609
a89f4331-4eb9-4eec-8ee9-976538873284,excellent,automated,0.9934
a89f4331-4eb9-4eec-8ee9-976538873284,clean,automated,0.8732
16b7fd46-c369-4bac-a98d-51b49cc02e3e,late_submission,automated,1.0
16b7fd46-c369-4bac-a98d-51b49cc02e3e,clean,automated,0.9892
5d2b3bc5-9dae-49d7-b60b-04da614cb7f1,excellent,automated,0.9708
5d2b3bc5-9dae-49d7-b60b-04da614cb7f1,clean,automated,0.8829
682b6eb4-343c-43c3-84ad-c4e8b274a6f0,late_submission,automated,1.0
682b6eb4-343c-43c3-84ad-c4e8b274a6f0,excellent,automated,0.9554
682b6eb4-343c-43c3-84ad-c4e8b274a6f0,clean,automated,0.9002
6686f374-f7a3-4172-bcce-25421eac195e,late_submission,automated,1.0
01bea4c1-6463-4c55-84c4-9133a6452bd7,excellent,automated,0.9825
01bea4c1-6463-4c55-84c4-9133a6452bd7,clean,automated,0.9445
a083f599-b859-4910-81c7-dd868f533eb1,excellent,automated,0.9735
a083f599-b859-4910-81c7-dd868f533eb1,clean,automated,0.9488
1b37bdcd-235e-43e6-ab7e-50df53cef891,excellent,automated,0.9633
1b37bdcd-235e-43e6-ab7e-50df53cef891,clean,automated,0.8597
03baaca3-c2e6-456d-9e05-3eaa91044fc5,excellent,automated,0.9593
03baaca3-c2e6-456d-9e05-3eaa91044fc5,clean,automated,0.9713
5c902caf-e18b-4f5f-b889-3bc9966ae81e,excellent,automated,0.9747
5c902caf-e18b-4f5f-b889-3bc9966ae81e,clean,automated,0.9724
6bd1693e-206e-4a49-9dfa-22396df2b8a3,excellent,automated,0.9512
6bd1693e-206e-4a49-9dfa-22396df2b8a3,clean,automated,0.9391
17601ab1-d570-4577-ad91-4bdf0b1fe4db,excellent,automated,0.9501
17601ab1-d570-4577-ad91-4bdf0b1fe4db,clean,automated,0.9967
f902afe0-274b-484f-a4ee-a5879ccf9fd5,excellent,automated,0.9951
f902afe0-274b-484f-a4ee-a5879ccf9fd5,clean,automated,0.8929
bf83a609-6f95-4d4c-913f-3bc1f2d16224,excellent,automated,0.9917
bf83a609-6f95-4d4c-913f-3bc1f2d16224,clean,automated,0.9209
40e824c7-6b99-4483-9e0c-80c7fca90629,excellent,automated,0.9859
40e824c7-6b99-4483-9e0c-80c7fca90629,clean,automated,0.9405
7d7c3135-0714-46c9-965f-1e8dce35c4a7,clean,automated,0.9549
08e15a25-b269-40d7-9a9f-1e6428233540,excellent,automated,0.957
08e15a25-b269-40d7-9a9f-1e6428233540,clean,automated,0.9
015fc567-f928-4787-8448-376b3a8e648c,excellent,automated,0.9826
015fc567-f928-4787-8448-376b3a8e648c,clean,automated,0.8738
b11cdff5-0b18-409a-89c6-7ee82cba80db,excellent,automated,0.9775
b11cdff5-0b18-409a-89c6-7ee82cba80db,clean,automated,0.9873
84caa088-ce48-4e4b-9286-e7ade48b1e4b,late_submission,automated,1.0
84caa088-ce48-4e4b-9286-e7ade48b1e4b,excellent,automated,0.9661
84caa088-ce48-4e4b-9286-e7ade48b1e4b,clean,automated,0.9278
61bd78d7-2345-4866-a995-85a6c6089bf0,excellent,automated,0.9839
61bd78d7-2345-4866-a995-85a6c6089bf0,clean,automated,0.8774
db1d9246-d263-466d-bdc4-b2f08c94026a,excellent,automated,0.9724
db1d9246-d263-466d-bdc4-b2f08c94026a,clean,automated,0.9621
68eba3b4-5ae8-444d-b722-4a08a0accac9,late_submission,automated,1.0
68eba3b4-5ae8-444d-b722-4a08a0accac9,excellent,automated,0.9682
68eba3b4-5ae8-444d-b722-4a08a0accac9,clean,automated,0.8572
5833e48e-a8a3-44ce-a44d-ab09e5f0c58e,late_submission,automated,1.0
5833e48e-a8a3-44ce-a44d-ab09e5f0c58e,excellent,automated,0.9936
5833e48e-a8a3-44ce-a44d-ab09e5f0c58e,clean,automated,0.9952
fc238394-45ad-4b3d-9ab2-e77cad79c5d1,excellent,automated,0.9626
fc238394-45ad-4b3d-9ab2-e77cad79c5d1,clean,automated,0.8745
9e755767-220c-4137-97d8-72878ebed9dc,excellent,automated,0.9929
9e755767-220c-4137-97d8-72878ebed9dc,clean,automated,0.9718
2f1a3664-7d81-4aec-ab0f-adadd26ceb33,excellent,automated,0.9738
2f1a3664-7d81-4aec-ab0f-adadd26ceb33,clean,automated,0.8547
4f013d23-544c-490e-8c60-ee6dcfb43cfa,clean,automated,0.9422
b0275b84-1f1c-4f1f-a870-a0704d6d7b60,excellent,automated,0.9723
b0275b84-1f1c-4f1f-a870-a0704d6d7b60,clean,automated,0.9329
e3ee0b2e-5ed0-40a3-87ef-96a1bac59125,excellent,automated,0.9601
e3ee0b2e-5ed0-40a3-87ef-96a1bac59125,clean,automated,0.8595
c3f4fb36-d888-4a77-94dd-ba20d4a38b11,excellent,automated,0.9924
c3f4fb36-d888-4a77-94dd-ba20d4a38b11,clean,automated,0.984
0e34d54c-dab2-45e0-bf33-cf048920ff13,excellent,automated,0.9817
0e34d54c-dab2-45e0-bf33-cf048920ff13,clean,automated,0.9534
5d3a272a-8804-4935-a8a8-8e1261760b46,excellent,automated,0.9996
5d3a272a-8804-4935-a8a8-8e1261760b46,clean,automated,0.9481
3e475e56-8b58-4cb9-80a9-6a911d51145f,excellent,automated,0.9507
3e475e56-8b58-4cb9-80a9-6a911d51145f,clean,automated,0.8792
a6a7e908-4d9c-4a54-b36c-76be519c9322,excellent,automated,0.9664
a6a7e908-4d9c-4a54-b36c-76be519c9322,clean,automated,0.9841
9da2d244-7b07-479a-b06a-05a715cd299e,excellent,automated,0.9643
9da2d244-7b07-479a-b06a-05a715cd299e,clean,automated,0.9856
d0bb6d7e-d0ba-43d6-8fcd-a74bfee6a60c,excellent,automated,0.9754
d0bb6d7e-d0ba-43d6-8fcd-a74bfee6a60c,clean,automated,0.8963
33550d3a-08d1-44f5-85d2-6b9461d6617f,excellent,automated,0.9748
33550d3a-08d1-44f5-85d2-6b9461d6617f,clean,automated,0.9615
c4721f80-5b93-4731-8b54-890798273c23,excellent,automated,0.9884
c4721f80-5b93-4731-8b54-890798273c23,clean,automated,0.8921
bf53abcf-7e93-4748-ad21-752ba98f6774,excellent,automated,0.9722
bf53abcf-7e93-4748-ad21-752ba98f6774,clean,automated,0.8613
9719deaa-a893-4646-a1af-ea71da335b81,clean,automated,0.8739
b2869ae2-f1af-4493-80e8-69c302711446,excellent,automated,0.9601
b2869ae2-f1af-4493-80e8-69c302711446,clean,automated,0.9385
6fd71398-24a0-46a7-9a8b-bd8dfcf26bef,clean,automated,0.9523
6ba46f88-888e-4e8d-8b78-2219bef16bbd,excellent,automated,0.9863
6ba46f88-888e-4e8d-8b78-2219bef16bbd,clean,automated,0.934
6b365e11-6c04-4954-ab70-18fe54d14fd8,excellent,automated,0.9927
6b365e11-6c04-4954-ab70-18fe54d14fd8,clean,automated,0.9428
5102151e-7d55-4f8e-a707-134af3ddea89,excellent,automated,0.9537
5102151e-7d55-4f8e-a707-134af3ddea89,clean,automated,0.9859
866412cb-f739-484b-bced-9506d5e459ac,excellent,automated,0.9781
866412cb-f739-484b-bced-9506d5e459ac,clean,automated,0.8783
550c7bb0-23b2-45be-93f0-53ed0e40cad2,corrupted,automated,0.8999
5c9fc6a0-ec86-42cb-8eea-a684e510f9ae,excellent,automated,0.985
5c9fc6a0-ec86-42cb-8eea-a684e510f9ae,clean,automated,0.9516
3fa4fa1c-9654-4bf6-8838-04d443676867,excellent,automated,0.9742
3fa4fa1c-9654-4bf6-8838-04d443676867,clean,automated,0.8749
667893ed-d1bc-4f03-b4a8-a3bfc12d4237,excellent,automated,0.9914
667893ed-d1bc-4f03-b4a8-a3bfc12d4237,clean,automated,0.9651
9571c3e4-d5b0-42ec-8bd0-8faa39de97f2,excellent,automated,0.9937
9571c3e4-d5b0-42ec-8bd0-8faa39de97f2,clean,automated,0.9985
b2df022f-e356-4466-9384-cca05e6ace8d,excellent,automated,0.9635
b2df022f-e356-4466-9384-cca05e6ace8d,clean,automated,0.9445
d05e8910-fb2f-4404-9c93-8ab34db23253,excellent,automated,0.9813
d05e8910-fb2f-4404-9c93-8ab34db23253,clean,automated,0.9335
62d61669-e742-4706-a87c-4b943fcee8c2,excellent,automated,0.998
62d61669-e742-4706-a87c-4b943fcee8c2,clean,automated,0.9731
68e29dd5-bf30-410c-80d6-bbb990290a4b,excellent,automated,0.99
68e29dd5-bf30-410c-80d6-bbb990290a4b,clean,automated,0.9099
3f4dac48-c9e0-4530-abac-2fd0e7bf63cb,excellent,automated,0.9941
3f4dac48-c9e0-4530-abac-2fd0e7bf63cb,clean,automated,0.8642
413fed70-841d-4073-bd81-dba81105646a,excellent,automated,0.9866
413fed70-841d-4073-bd81-dba81105646a,clean,automated,0.8887
198d7698-7ce0-479d-8df5-ae189fb1b9ce,excellent,automated,0.9574
198d7698-7ce0-479d-8df5-ae189fb1b9ce,clean,automated,0.9814
1321d725-2a42-4454-bfb9-16afc22ffa87,excellent,automated,0.9602
1321d725-2a42-4454-bfb9-16afc22ffa87,clean,automated,0.9571
a01d1917-1b25-4506-a9f9-01ed5ad11772,excellent,automated,0.9941
a01d1917-1b25-4506-a9f9-01ed5ad11772,clean,automated,0.9282
bd2de920-4918-4175-adfa-d55deed423b1,excellent,automated,0.9832
bd2de920-4918-4175-adfa-d55deed423b1,clean,automated,0.934
7d40aa73-e84e-4807-afbf-9c54f290075e,excellent,automated,0.9503
7d40aa73-e84e-4807-afbf-9c54f290075e,clean,automated,0.9425
ff597a4f-f132-4b96-908b-030f513a4102,clean,automated,0.9447
d0d6b0f0-8581-42e2-965d-8b7a298d8388,clean,automated,0.957
eefae483-9b3d-4b32-96ae-5db537a4fbb9,excellent,automated,0.9773
eefae483-9b3d-4b32-96ae-5db537a4fbb9,clean,automated,0.852
092bbde0-0e13-48db-b260-156eed0c0d1b,excellent,automated,0.9661
092bbde0-0e13-48db-b260-156eed0c0d1b,clean,automated,0.9383
0ab76e91-857c-4ce2-bc58-12295a165655,excellent,automated,0.954
0ab76e91-857c-4ce2-bc58-12295a165655,clean,automated,0.8813
edf6d1f3-2728-4fed-9bda-e986e1238cf3,excellent,automated,0.9917
edf6d1f3-2728-4fed-9bda-e986e1238cf3,clean,automated,0.9204
7267548a-7aed-4820-af7d-b2d00f1c05f2,clean,automated,0.9674
db4a4d08-c186-46c2-8793-0c2226dc09ca,excellent,automated,0.995
db4a4d08-c186-46c2-8793-0c2226dc09ca,clean,automated,0.9117
6f879ff5-896e-42b5-8be3-ac48d4173498,excellent,automated,0.9612
6f879ff5-896e-42b5-8be3-ac48d4173498,clean,automated,0.9994
893cebb5-e829-4e21-bc06-9ab0c5f8969b,excellent,automated,0.9617
893cebb5-e829-4e21-bc06-9ab0c5f8969b,clean,automated,0.9193
bb5d44b2-4985-4bc8-855d-ab8466a4f6f5,clean,automated,0.9821
7eb76d29-90cc-464d-b63e-7f6c0c9727af,excellent,automated,0.9958
7eb76d29-90cc-464d-b63e-7f6c0c9727af,clean,automated,0.9136
98a1413c-3af1-41c7-98fa-68d18552cace,excellent,automated,0.9682
98a1413c-3af1-41c7-98fa-68d18552cace,clean,automated,0.9158
4767d18e-d8b1-4082-aa69-ed006e7c44e2,excellent,automated,0.9943
4767d18e-d8b1-4082-aa69-ed006e7c44e2,clean,automated,0.8849
fed4407a-df5b-4d3c-85ea-79d1516f0778,excellent,automated,0.9563
fed4407a-df5b-4d3c-85ea-79d1516f0778,clean,automated,0.8688
0fd7c410-43c5-4012-8490-eeac5d6ab24f,excellent,automated,0.9995
0fd7c410-43c5-4012-8490-eeac5d6ab24f,clean,automated,0.9279
4cb606fc-b74c-41cb-8f1d-007ef7b07cb8,excellent,automated,0.9616
4cb606fc-b74c-41cb-8f1d-007ef7b07cb8,clean,automated,0.9877
bcfebbcc-3ed9-455e-9f25-51fae6a3ff4f,clean,automated,0.9928
b3c6e872-ed06-4d78-84ce-85c03b411821,excellent,automated,0.9627
b3c6e872-ed06-4d78-84ce-85c03b411821,clean,automated,0.9884
a57c30f2-6073-44ed-abea-80d7e5060531,excellent,automated,0.9827
a57c30f2-6073-44ed-abea-80d7e5060531,clean,automated,0.98
1ce057a7-1335-41bb-a317-7ce5ec3a1f15,excellent,automated,0.9751
1ce057a7-1335-41bb-a317-7ce5ec3a1f15,clean,automated,0.9892
5fc2fbba-2d97-4a8c-8b2f-569b2dd8769d,excellent,automated,0.9766
5fc2fbba-2d97-4a8c-8b2f-569b2dd8769d,clean,automated,0.9865
a81dcaae-7183-49aa-a274-8fdd9149d6cb,excellent,automated,0.9684
a81dcaae-7183-49aa-a274-8fdd9149d6cb,clean,automated,0.8755
039c5af0-6d20-472b-bc6d-e5bd0babaa39,excellent,automated,0.965
039c5af0-6d20-472b-bc6d-e5bd0babaa39,clean,automated,0.9909
a2266296-494f-4cdf-a6db-e07fb75a4e0c,clean,automated,0.964
8db9aaf7-248a-47e4-aa0b-c84c26d450c1,excellent,automated,0.987
8db9aaf7-248a-47e4-aa0b-c84c26d450c1,clean,automated,0.8696
69435ed9-390e-4e8f-8d7a-4145042d0174,excellent,automated,0.9626
69435ed9-390e-4e8f-8d7a-4145042d0174,clean,automated,0.9374
85bfcd51-4499-4872-893a-e13424f6f66c,excellent,automated,0.9923
85bfcd51-4499-4872-893a-e13424f6f66c,clean,automated,0.891
6031ac2b-0746-4705-a340-25cda441c8b8,excellent,automated,0.9743
6031ac2b-0746-4705-a340-25cda441c8b8,clean,automated,0.8557
f5cd2ef0-c26f-4244-b2cf-24ad91b42e04,late_submission,automated,1.0
f5cd2ef0-c26f-4244-b2cf-24ad91b42e04,excellent,automated,0.9954
f5cd2ef0-c26f-4244-b2cf-24ad91b42e04,clean,automated,0.9589
76cad0b2-e020-4c97-b48d-66751d9b5c77,excellent,automated,0.9546
76cad0b2-e020-4c97-b48d-66751d9b5c77,clean,automated,0.9447
f4283e50-e46e-4162-b5bf-ee9e4a8797fc,excellent,automated,0.9628
f4283e50-e46e-4162-b5bf-ee9e4a8797fc,clean,automated,0.9535
3aefafe7-2d1f-47c4-97a3-5fa2b9ecec3c,excellent,automated,0.9583
3aefafe7-2d1f-47c4-97a3-5fa2b9ecec3c,clean,automated,0.9468
1db2723c-09dc-4120-a5e0-c02d5f719f5a,excellent,automated,0.9783
1db2723c-09dc-4120-a5e0-c02d5f719f5a,clean,automated,0.992
902ed621-a748-4949-ba15-af027650d7a7,excellent,automated,0.9647
902ed621-a748-4949-ba15-af027650d7a7,clean,automated,0.9797
21e6440e-ad4d-4fc6-928d-2da6f53c0687,excellent,automated,0.9542
21e6440e-ad4d-4fc6-928d-2da6f53c0687,clean,automated,0.9743
f485280a-83ef-4452-af5d-67727b01cd2b,clean,automated,0.9966
aef3e793-e92d-442f-9854-0a105599d1a9,excellent,automated,0.9634
aef3e793-e92d-442f-9854-0a105599d1a9,clean,automated,0.9821
61440ee9-3398-41be-bd29-78af00970539,excellent,automated,0.9798
61440ee9-3398-41be-bd29-78af00970539,clean,automated,0.9258
7ea65eda-6c8d-4fcc-81f1-56000ed9a887,excellent,automated,0.9624
7ea65eda-6c8d-4fcc-81f1-56000ed9a887,clean,automated,0.9482
5f7e7ca4-6278-4438-8a40-9ed6b1bf2a42,clean,automated,0.8909
ce5a1811-2f55-450b-9111-049de3020a49,clean,automated,0.9025
1fd20ecf-08ed-4b34-923f-aef41286dc69,excellent,automated,0.9774
1fd20ecf-08ed-4b34-923f-aef41286dc69,clean,automated,0.863
1e1255dd-21a6-4170-8a74-733d7a95526c,late_submission,automated,1.0
1e1255dd-21a6-4170-8a74-733d7a95526c,excellent,automated,0.9623
1e1255dd-21a6-4170-8a74-733d7a95526c,clean,automated,0.969
76e9eaff-baa8-4a14-8b74-bee0d6d68c9b,late_submission,automated,1.0
76e9eaff-baa8-4a14-8b74-bee0d6d68c9b,excellent,automated,0.9966
76e9eaff-baa8-4a14-8b74-bee0d6d68c9b,clean,automated,0.9978
09856e81-a203-4490-aa3f-e2f6ca7ae105,excellent,automated,0.9772
09856e81-a203-4490-aa3f-e2f6ca7ae105,clean,automated,0.8929
10f917f2-67fa-46fd-b4f1-1c42beffb1ce,late_submission,automated,1.0
10f917f2-67fa-46fd-b4f1-1c42beffb1ce,excellent,automated,0.9578
10f917f2-67fa-46fd-b4f1-1c42beffb1ce,clean,automated,0.9101
4f653a4c-8c2a-4f2b-ad9b-bc1f250f29a1,excellent,automated,0.9581
4f653a4c-8c2a-4f2b-ad9b-bc1f250f29a1,clean,automated,0.9717
3d35dc81-af25-43e0-ad39-cc0832ca3d84,excellent,automated,0.9745
3d35dc81-af25-43e0-ad39-cc0832ca3d84,clean,automated,0.8879
bafb040c-59ea-46b0-abc7-39fa527b87ba,clean,automated,0.9315
6e59d290-e5e3-408f-b156-6f20aac4ce52,late_submission,automated,1.0
6e59d290-e5e3-408f-b156-6f20aac4ce52,excellent,automated,0.9761
6e59d290-e5e3-408f-b156-6f20aac4ce52,clean,automated,0.9734
039c5af0-6d20-472b-bc6d-e5bd0babaa39,plagiarism_suspect,automated,0.9592
0d2ecdc3-fd43-4181-a060-12d267c79374,plagiarism_suspect,automated,0.9878
0df042af-b70b-462a-beef-fe07f7d9a91b,plagiarism_suspect,automated,0.9205
1cd8eead-b405-4d70-a7c8-1cdc4f790b10,plagiarism_suspect,automated,0.9513
223f8b1e-f241-477d-95a9-d81aaa08eee9,plagiarism_suspect,automated,0.9462
23645c5c-a585-4e26-9fdd-62e0064ad833,plagiarism_suspect,automated,0.9252
24d9ae82-cea9-4d12-b80b-a40ca8850bd1,plagiarism_suspect,automated,0.978
2a9bef08-83c9-4333-bdca-cf5f2aac5309,plagiarism_suspect,automated,0.9009
2aad084e-b7b6-4449-bce4-95c1a5af1f65,plagiarism_suspect,automated,0.908
3adbc850-e5d8-497f-a1b7-41da07e99842,plagiarism_suspect,automated,0.887
3e36682e-bcdf-4fd0-bf3d-01b35b89067e,plagiarism_suspect,automated,0.9206
3fa4fa1c-9654-4bf6-8838-04d443676867,plagiarism_suspect,automated,0.917
3fc4f825-fff1-411d-b5d9-bcae158bfee0,plagiarism_suspect,automated,0.9818
40b11452-fc61-4a55-983c-ba4f62a3520c,plagiarism_suspect,automated,0.9377
40e824c7-6b99-4483-9e0c-80c7fca90629,plagiarism_suspect,automated,0.9461
4a1c09c5-8db3-4a10-b2f9-39b847b946c0,plagiarism_suspect,automated,0.8877
50ee590d-7beb-43df-a5f8-ceace1b334cc,plagiarism_suspect,automated,0.9708
51303b3a-5fc3-41af-a1ac-27ff7f0c0315,plagiarism_suspect,automated,0.9752
52ad453f-9827-4e08-a283-c7cfb481f14a,plagiarism_suspect,automated,0.9126
56731f40-012a-47a1-9aa6-378f67825795,plagiarism_suspect,automated,0.8838
5fc2fbba-2d97-4a8c-8b2f-569b2dd8769d,plagiarism_suspect,automated,0.888
606363b8-52a9-4e0f-a3bb-d36c8a793f5c,plagiarism_suspect,automated,0.9825
666b5216-d605-4eb8-aeef-938f8ce10819,plagiarism_suspect,automated,0.9188
6c558c55-044c-4862-bd56-beacf8b5e333,plagiarism_suspect,automated,0.9785
6c8740ff-72dd-4e8c-a1f4-d44ddc3cb1a0,plagiarism_suspect,automated,0.9114
6dad1ca2-120d-4d40-bfe1-d3ab86471ace,plagiarism_suspect,automated,0.9484
6e578862-61ea-4cbc-92c0-67c6d528cb55,plagiarism_suspect,automated,0.8887
6f0bac1c-d25a-4941-8512-6e70b6f119aa,plagiarism_suspect,automated,0.8677
706ad40a-ed12-483f-97f3-4ba278fcc29d,plagiarism_suspect,automated,0.9451
707ca4fc-2544-4810-b5f0-1f6e2bcff216,plagiarism_suspect,automated,0.903
728924b6-9e55-4866-9a3f-12591bfb2f29,plagiarism_suspect,automated,0.9897
7616ae3c-a38f-4f04-9ca9-4f1e87bbac66,plagiarism_suspect,automated,0.948
76d84230-79fa-49c5-b5be-7668218f0ae7,plagiarism_suspect,automated,0.9634
76e9eaff-baa8-4a14-8b74-bee0d6d68c9b,plagiarism_suspect,automated,0.8571
7a6fd809-c89a-4047-8a62-35b97e12c8b4,plagiarism_suspect,automated,0.8737
807e384c-e102-4dae-a707-8e8673626acb,plagiarism_suspect,automated,0.9238
8269bfbf-b153-4b3c-877e-0e9150cdaa65,plagiarism_suspect,automated,0.9323
898f39ee-d234-4130-97ca-77e7043c7743,plagiarism_suspect,automated,0.8778
8e41d067-a4f5-4245-ae25-a372812f30df,plagiarism_suspect,automated,0.8734
8e68aa12-e0bf-4bad-b7f0-9b706749b632,plagiarism_suspect,automated,0.8582
8f8f4435-40d4-41f4-8c55-b4a32090c97c,plagiarism_suspect,automated,0.9598
92190970-867d-4a81-8429-d00f61f11fa5,plagiarism_suspect,automated,0.9401
92bc9558-4905-468a-8f2b-4c40b07677c5,plagiarism_suspect,automated,0.8552
94e5d669-0f2e-4689-9c16-6a3f1ceaff03,plagiarism_suspect,automated,0.9525
95f38593-7d8d-4e4b-8a4f-32df3128490a,plagiarism_suspect,automated,0.935
97a1d080-b64e-4a77-9a58-097ae56959b8,plagiarism_suspect,automated,0.9713
9d1f65ce-3975-41de-ba09-5b4220598737,plagiarism_suspect,automated,0.873
9dba4a06-7dc0-4c41-aa7e-4ddb5deef3ea,plagiarism_suspect,automated,0.947
a15047c8-aa98-41e0-9a05-94fb6ae2f337,plagiarism_suspect,automated,0.8541
a5bd3b7d-9a0e-4592-866b-947c14d90b8d,plagiarism_suspect,automated,0.893
a5f4b3c5-a607-4e95-9ba3-52e0b44172c3,plagiarism_suspect,automated,0.8937
a621aea2-8119-4724-9940-9d6345e2de3c,plagiarism_suspect,automated,0.8852
a81dcaae-7183-49aa-a274-8fdd9149d6cb,plagiarism_suspect,automated,0.9794
aea9daf2-fc7c-40e1-a266-a7367d8fe0e0,plagiarism_suspect,automated,0.8648
b0606692-b81d-4717-bf97-759dbc7d046f,plagiarism_suspect,automated,0.9832
b1d9093b-0dc9-4fe2-9fee-31fd85fcb2a0,plagiarism_suspect,automated,0.9819
b806f37d-9455-4cbe-9a8c-78e17fb94946,plagiarism_suspect,automated,0.9524
b94a0053-5f73-4973-8931-592c4ca5d0af,plagiarism_suspect,automated,0.9821
b9b36c1c-b335-4e0f-81b0-2bb01e90e46a,plagiarism_suspect,automated,0.8505
bc55484c-e314-456e-931f-e17f6d17bec1,plagiarism_suspect,automated,0.9395
bf53abcf-7e93-4748-ad21-752ba98f6774,plagiarism_suspect,automated,0.9521
bfc79a67-7a4a-4f86-b15b-2319b59819bf,plagiarism_suspect,automated,0.9547
cb4d8bec-4b30-437d-8b48-822e54ec54ef,plagiarism_suspect,automated,0.9587
d1681b35-12e8-42f8-9680-f7ef82f73d67,plagiarism_suspect,automated,0.8959
d16ac620-d7dc-496f-be30-bcfa4ee585a6,plagiarism_suspect,automated,0.9255
d48139e4-478c-49f2-8e51-88e73941a544,plagiarism_suspect,automated,0.9096
d5059b6b-8ff7-40a6-a421-76a0f2ebf2f4,plagiarism_suspect,automated,0.8767
d67e5bc5-5a66-4fa6-822c-b4ff92c699df,plagiarism_suspect,automated,0.9272
d7f80e5d-1370-44d8-a4de-ce5eae2bbe09,plagiarism_suspect,automated,0.9685
d85c81e7-1aa1-45db-89e3-148ab6eef7ea,plagiarism_suspect,automated,0.9069
e7bf497d-df7b-47be-be16-24d7f6c49ff3,plagiarism_suspect,automated,0.9691
eb4a28b0-36b8-45c2-9cc4-a79f8dac9e22,plagiarism_suspect,automated,0.8715
ef28db00-84fd-4a4d-aa84-8d98d2e8dd54,plagiarism_suspect,automated,0.9773
f337535b-b443-4f73-aaee-c19c70226d6a,plagiarism_suspect,automated,0.8614
f91c2718-3683-49af-8142-7a048c6a674f,plagiarism_suspect,automated,0.958
fed4407a-df5b-4d3c-85ea-79d1516f0778,plagiarism_suspect,automated,0.8831
c4721f80-5b93-4731-8b54-890798273c23,corrupted,automated,0.9279
ad2d9bea-5af2-47f2-b037-a40b2d24375d,corrupted,automated,0.7763
a61ba6e7-f7c6-4617-a879-33594cec1a31,corrupted,automated,0.749
02e2d481-04db-4657-9aae-96555482db80,corrupted,automated,0.7804
d86c8436-7208-4f77-b82b-5c9416fe6a8e,corrupted,automated,0.8078
767f5ae7-05af-461e-abae-b16a7b9c0137,corrupted,automated,0.9356
bbb96d0b-9fe9-476c-bd91-eb33d7e8b7ac,corrupted,automated,0.845
a04830a6-88f7-4b99-bfbd-2fd3a6917a47,corrupted,automated,0.7622
54613a06-2a95-4206-be66-f2d384a3c071,corrupted,automated,0.8264
b3a60505-46c7-4641-be67-8ffae202b0d0,corrupted,automated,0.9783
ce5a1811-2f55-450b-9111-049de3020a49,corrupted,automated,0.8786
8ef70ddb-5119-4ee5-9826-d2fe6365f02b,corrupted,automated,0.9266
a2609998-cfaa-4458-aa71-81c291ec3539,corrupted,automated,0.7297
a21123e7-1e3f-4dd0-8779-22013ad738af,corrupted,automated,0.748
da0d05bb-f968-422f-9f0b-a345cb20ffe4,corrupted,automated,0.8014
04ee1498-659f-4800-a543-44cc5daffcea,corrupted,automated,0.8894
75e5e2ff-a3c0-4242-8689-d38b6be117e3,corrupted,automated,0.9183
3e475e56-8b58-4cb9-80a9-6a911d51145f,corrupted,automated,0.7486
6e59d290-e5e3-408f-b156-6f20aac4ce52,corrupted,automated,0.8165
c0fe5204-3cfb-429c-af02-7c132ac72c47,corrupted,automated,0.8871
